Transaction,Prediction,Top Feature 1,Top Feature 2,Top Feature 3,Top Feature 4,Top Feature 5
0,Genuine,V12,V14,V3,V11,V10
1,Genuine,V14,V11,V12,V4,V10
2,Genuine,V3,V10,V12,V4,V14
3,Genuine,V12,V14,V3,V10,V17
4,Genuine,V12,V10,V4,V26,V1
5,Genuine,V14,V12,V3,V10,V17
6,Genuine,V12,V14,V4,V3,V10
7,Genuine,V4,V14,V3,V12,V11
8,Genuine,V14,V10,V12,V4,V17
9,Genuine,V4,V14,V3,V12,V10
10,Genuine,V12,V14,V3,V10,V17
11,Genuine,V14,V12,V17,V10,V16
12,Genuine,V14,V11,V12,V4,V10
13,Genuine,V12,V14,V11,V10,V4
14,Genuine,V4,V14,V3,V10,V12
15,Genuine,V4,V10,V3,V12,V14
16,Genuine,V12,V4,V14,V10,V17
17,Genuine,V4,V10,V12,V14,V17
18,Genuine,V4,V12,V14,V11,V10
19,Genuine,V14,V4,V3,V10,V16
20,Genuine,V14,V3,V10,V17,V4
21,Genuine,V4,V3,V11,V10,V14
22,Genuine,V12,V14,V11,V10,V17
23,Genuine,V12,V14,V10,V17,V4
24,Genuine,V14,V3,V10,V4,V12
25,Genuine,V12,V14,V3,V11,V4
26,Genuine,V14,V3,V4,V12,V10
27,Genuine,V12,V4,V14,V3,V11
28,Genuine,V14,V12,V10,V4,V17
29,Genuine,V14,V12,V3,V10,V17
30,Genuine,V4,V3,V14,V12,V11
31,Genuine,V12,V3,V11,V14,V10
32,Genuine,V14,V3,V12,V11,V10
33,Genuine,V12,V14,V3,V11,V4
34,Genuine,V4,V14,V12,V11,V3
35,Genuine,V14,V4,V3,V17,V10
36,Genuine,V12,V3,V8,V10,V14
37,Genuine,V11,V14,V3,V4,V10
38,Genuine,V12,V14,V3,V10,V17
39,Genuine,V12,V14,V3,V10,V17
40,Genuine,V3,V12,V11,V14,V10
41,Genuine,V14,V3,V12,V10,V17
42,Genuine,V12,V3,V14,V11,V10
43,Genuine,V12,V14,V3,V11,V10
44,Genuine,V4,V11,V3,V12,V10
45,Genuine,V4,V12,V14,V11,V10
46,Genuine,V4,V14,V11,V10,V12
47,Genuine,V12,V14,V3,V11,V4
48,Genuine,V12,V4,V14,V10,V11
49,Genuine,V12,V14,V10,V17,V4
50,Genuine,V4,V14,V3,V12,V11
51,Genuine,V4,V14,V12,V10,V3
52,Genuine,V4,V14,V3,V12,V11
53,Genuine,V14,V12,V3,V10,V11
54,Genuine,V14,V3,V4,V17,Time
55,Genuine,V12,V3,V14,V10,V4
56,Genuine,V10,V14,V12,V11,V4
57,Genuine,V14,V3,V12,V10,V17
58,Genuine,V4,V10,V3,V12,V14
59,Genuine,V14,V3,V10,V12,V11
60,Genuine,V14,V3,V11,V12,V4
61,Genuine,V10,V14,V12,V4,V11
62,Genuine,V14,V3,V12,V10,V11
63,Genuine,V4,V3,V14,V12,V10
64,Genuine,V14,V3,V12,V10,V11
65,Genuine,V4,V12,V10,V11,V17
66,Genuine,V12,V14,V10,V17,V11
67,Genuine,V14,V12,V10,V4,V17
68,Genuine,V4,V12,V14,V10,V11
69,Genuine,V14,V12,V10,V17,V4
70,Genuine,V12,V14,V17,V10,V4
71,Genuine,V12,V14,V10,V17,V4
72,Genuine,V12,V3,V10,V14,V4
73,Genuine,V4,V14,V12,V10,V11
74,Genuine,V4,V11,V12,V14,V10
75,Genuine,V14,V12,V3,V11,V10
76,Genuine,V12,V14,V10,V17,V16
77,Genuine,V4,V14,V3,V11,V10
78,Genuine,V3,V12,V11,V4,V17
79,Genuine,V4,V10,V14,V12,V17
80,Genuine,V4,V14,V3,V12,V10
81,Genuine,V12,V14,V3,V4,V10
82,Genuine,V12,V14,V11,V4,V10
83,Genuine,V14,V3,V10,V17,V12
84,Genuine,V12,V14,V3,V10,V17
85,Genuine,V14,V3,V10,V4,V17
86,Genuine,V14,V3,V11,V12,V17
87,Genuine,V14,V3,V11,V4,V12
88,Genuine,V12,V14,V3,V10,V17
89,Genuine,V14,V11,V3,V12,V10
90,Genuine,V14,V3,V12,V11,V10
91,Genuine,V4,V14,V3,V12,V10
92,Genuine,V12,V14,V3,V4,V10
93,Genuine,V4,V14,V12,V3,V10
94,Genuine,V12,V14,V3,V4,V10
95,Genuine,V14,V3,V4,V10,V17
96,Genuine,V10,V14,V12,V4,V11
97,Genuine,V12,V14,V3,V10,V17
98,Genuine,V3,V12,V14,V11,V10
99,Genuine,V14,V3,V12,V4,V11
100,Genuine,V4,V14,V3,V11,V12
101,Genuine,V14,V10,V11,V12,V17
102,Genuine,V14,V3,V12,V11,V4
103,Genuine,V4,V3,V11,V12,V14
104,Genuine,V12,V11,V14,V17,V10
105,Genuine,V4,V14,V12,V11,V10
106,Genuine,V14,V12,V3,V10,V11
107,Genuine,V14,V3,V12,V11,V10
108,Genuine,V14,V3,V12,V11,V10
109,Genuine,V14,V4,V17,V9,V10
110,Genuine,V14,V3,V4,V10,V17
111,Genuine,V14,V12,V3,V10,V17
112,Genuine,V12,V3,V14,V11,V17
113,Genuine,V12,V3,V14,V17,V10
114,Genuine,V14,V3,V12,V10,V17
115,Genuine,V4,V12,V14,V10,V17
116,Genuine,V12,V14,V3,V10,V17
117,Genuine,V12,V14,V3,V10,V17
118,Genuine,V12,V14,V10,V4,V17
119,Genuine,V4,V14,V3,V12,V10
120,Genuine,V11,V12,V3,V4,V14
121,Genuine,V12,V14,V3,V10,V4
122,Genuine,V14,V4,V3,V10,V11
123,Genuine,V4,V14,V10,V12,V1
124,Genuine,V14,V12,V4,V10,V17
125,Genuine,V12,V3,V11,V14,V10
126,Genuine,V14,V3,V12,V11,V10
127,Genuine,V14,V3,V12,V11,V10
128,Genuine,V12,V14,V3,V10,V17
129,Genuine,V4,V14,V3,V12,V11
130,Genuine,V14,V3,V12,V10,V17
131,Genuine,V14,V3,V12,V10,V17
132,Genuine,V4,V14,V3,V10,V12
133,Genuine,V12,V14,V10,V17,V4
134,Genuine,V4,V14,V3,V12,V11
135,Genuine,V14,V3,V12,V4,V10
136,Genuine,V3,V14,V10,V4,V12
137,Genuine,V12,V14,V10,V4,V17
138,Genuine,V12,V14,V3,V10,V17
139,Genuine,V4,V12,V14,V3,V10
140,Genuine,V4,V12,V10,V14,V17
141,Genuine,V4,V12,V3,V14,V10
142,Genuine,V14,V10,V12,V4,V17
143,Genuine,V12,V3,V11,V4,V14
144,Genuine,V12,V3,V14,V10,V4
145,Genuine,V12,V10,V17,V14,V8
146,Genuine,V3,V11,V14,V12,V10
147,Genuine,V14,V11,V12,V10,V17
148,Genuine,V14,V12,V10,V17,V16
149,Genuine,V14,V3,V12,V10,V17
150,Genuine,V14,V3,V11,V12,V10
151,Genuine,V4,V14,V12,V10,V17
152,Genuine,V4,V12,V14,V10,V17
153,Genuine,V3,V11,V12,V14,V10
154,Genuine,V14,V12,V3,V11,V4
155,Genuine,V14,V10,V3,V12,V4
156,Genuine,V4,V10,V12,V21,V22
157,Genuine,V12,V3,V4,V11,V10
158,Genuine,V4,V12,V10,V24,V11
159,Genuine,V3,V12,V4,V17,V24
160,Genuine,V12,V14,V11,V10,V17
161,Genuine,V12,V14,V3,V4,V10
162,Genuine,V12,V14,V3,V11,V10
163,Genuine,V12,V14,V3,V10,V17
164,Genuine,V4,V3,V14,V11,V12
165,Genuine,V14,V12,V11,V3,V4
166,Genuine,V12,V3,V4,V14,V17
167,Genuine,V12,V14,V3,V10,V17
168,Genuine,V12,V14,V11,V4,V10
169,Genuine,V12,V3,V11,V14,V10
170,Genuine,V14,V3,V12,V4,V10
171,Genuine,V4,V14,V3,V10,V11
172,Genuine,V14,V3,V12,V10,V17
173,Genuine,V14,V4,V3,V17,V10
174,Genuine,V14,V3,V12,V10,V8
175,Genuine,V12,V14,V3,V10,V17
176,Genuine,V12,V14,V11,V4,V17
177,Genuine,V14,V12,V3,V10,V4
178,Genuine,V4,V12,V14,V17,V11
179,Genuine,V14,V11,V12,V4,V10
180,Genuine,V14,V3,V4,V10,V17
181,Genuine,V4,V14,V3,V17,V10
182,Genuine,V4,V12,V14,V10,V17
183,Genuine,V4,V12,V11,V14,V10
184,Genuine,V4,V3,V14,V11,V12
185,Genuine,V12,V14,V3,V11,V10
186,Genuine,V14,V12,V11,V10,V17
187,Genuine,V14,V12,V10,V17,V11
188,Genuine,V4,V14,V3,V12,V10
189,Genuine,V14,V12,V11,V10,V8
190,Genuine,V12,V14,V3,V10,V17
191,Genuine,V12,V14,V3,V10,V4
192,Genuine,V4,V14,V12,V11,V17
193,Genuine,V4,V14,V12,V10,V17
194,Genuine,V12,V4,V14,V26,V10
195,Genuine,V3,V14,V12,V11,V18
196,Genuine,V12,V14,V3,V4,V10
197,Genuine,V14,V3,V12,V11,V10
198,Genuine,V12,V10,V16,V14,V4
199,Genuine,V12,V3,V11,V14,V17
