,Time,V1,V2,V3,V4,V5,V6,V7,V8,V9,V10,V11,V12,V13,V14,V15,V16,V17,V18,V19,V20,V21,V22,V23,V24,V25,V26,V27,V28,Amount
Time,0.006159767786100978,0.0001735735438009391,0.00019846365150753405,0.0007653481818716521,0.0008215865182112738,0.0002013227538622649,7.442284914857243e-05,0.00017273405855801116,0.0002725400471517132,0.00016584325779891253,0.00045759946010710497,0.0003131122566933637,0.0005728612469462875,0.00020085620728760127,0.0011651708216669334,0.00016833779489974687,0.00015078374351066762,0.00036610164834551033,0.0003701920134244622,0.00016809566611824528,0.0001514558575365825,0.00015154753393356506,0.0001457051429323283,0.00012165857188820332,0.00012971050726408577,0.0001031990287819281,0.00014074526577505714,0.0001398028577756384,0.0001478178833662804,0.00014938093204799172
V1,0.0001735735438009391,0.011656137999278261,0.0006589879940457206,0.00046655437977965753,0.0017132549684124774,0.0003641575976320308,0.00010898499456729975,0.0003532183353126003,0.0004574596149393084,0.00028214085330336195,0.0006812359252924149,0.0007156486851672219,0.002415288912223122,0.00043507896677964905,0.0012983333743916837,0.00047197078346607256,0.00040913720409815863,0.0005565597516951449,0.00029788844016142673,0.00042171252751542834,0.00019671704522325437,0.00019720336593494995,0.00015784863076887372,0.00016924918832100032,0.00012507467647493846,0.00021590720869657553,0.00018984994536073193,0.00014476387585969248,0.00025365765717224784,0.000341245334013874
V2,0.0001984636515075338,0.0006589879940457209,0.01945014326271402,0.0017926780795152653,0.0020003087317165976,0.00034912134552396305,0.00012450420146179443,0.0005627675616500728,0.0006290375538908967,0.0004058915046601638,0.0005231058041417766,0.0015691509520861632,0.0016837117413760927,0.00023385120562023507,0.003211760173732745,0.00015366268651232276,0.0009113849318497495,0.000595792099240448,0.00035539873525951,0.0008192459787283291,0.00030631357951613913,0.00021590794612437282,0.00014144370637433326,0.00016979378894307608,0.00017375065450580925,0.00016052350630513528,0.00018707064472756155,0.0001853550276802526,0.00016491318146247616,0.00028931796356651925
V3,0.0007653481818716523,0.00046655437977965726,0.0017926780795152653,0.13555402657181884,0.009384044612965974,0.0004328313460649533,0.000245032434878787,0.0014340249873717775,0.0006818330012506377,0.00149467407960419,0.0101078517454951,0.00921488320976604,0.01918351972478966,0.0003538412051364473,0.017512884556570917,0.00043257282830177406,0.0028183004885215085,0.006090163820866642,0.000679317383054824,0.0003841299047421546,0.0004063087454565692,0.0003065076733511775,0.0002770415024628518,0.00016262011590709917,0.0006704428493644113,0.0001920100291021809,0.0003729490369807505,0.00039356137471413056,0.00034870424145668286,0.0002994946228530556
V4,0.0008215865182112743,0.0017132549684124767,0.002000308731716598,0.009384044612965978,0.12480050558409221,0.0027297196306211944,0.000717060096833951,0.0013886950139531922,0.0024798676787835417,0.001243384214236673,0.006932540159035442,0.007253138156438207,0.011360295104964746,0.0011915721597988327,0.012486691351004171,0.0009309964817000992,0.0018326304680896096,0.00257088630024003,0.0014489887874704055,0.0012727705054455995,0.0014029908596105067,0.0006574017667019272,0.0009579462618391417,0.0007171145454554602,0.0009507100745099451,0.0007328455904671842,0.0009492814257735422,0.0007908868886775755,0.0005879653427213804,0.0014326934775945532
V5,0.000201322753862265,0.000364157597632031,0.0003491213455239629,0.0004328313460649531,0.0027297196306211953,0.011050246947071428,0.0002163153544097474,0.0003504663792513227,0.0007359353622198022,0.00022064453667512186,0.0004264024320622781,0.0004697494132906447,0.0008792130412761017,0.00036123465766886657,0.0009892042931396636,0.00023045902884214254,0.00046572680478010114,0.0012530357695100397,0.0005551069084095518,0.0006789748503550995,0.0003436403194036548,0.00025899532524889036,0.0001943694812902774,0.00021155410785512002,0.0002407596002931967,0.0002558594798629276,0.00032217089888386815,0.00022893257466083172,0.00017903259927662784,0.0003464186272187379
V6,7.442284914857242e-05,0.00010898499456729979,0.00012450420146179443,0.0002450324348787871,0.0007170600968339513,0.00021631535440974744,0.00386982702604255,0.00013114940296140125,0.0002066310358517798,9.958288315331377e-05,0.0003773954387008542,0.00016101768739239217,0.00048375207460007606,8.627884829175335e-05,0.0008590981605929612,8.889234698324567e-05,0.0002247479678789293,0.0004511925386499898,0.0001803507329617238,0.0002726249099052876,8.243053165627916e-05,9.141560658677697e-05,0.0001019044972479615,0.0001091586926993159,9.790307428123145e-05,7.291275537192916e-05,8.69111974935977e-05,0.00012386867015242188,8.911527243144257e-05,0.00015370740384349822
V7,0.00017273405855801119,0.0003532183353126004,0.0005627675616500733,0.0014340249873717765,0.0013886950139531933,0.00035046637925132274,0.00013114940296140155,0.017193075537352904,0.0003498517487083007,0.00034687553713098917,0.0006120587413518141,0.0016006525718016437,0.0027557033819345118,0.0003930226185533229,0.0015508548724295413,0.00042109607038586135,0.0008179439857304726,0.000757658922864765,0.0008798487094295798,0.00038303057768438733,0.00012718092547137717,0.00024621894163804925,0.00021053842274602004,0.00040844547838032576,0.00018750173480526006,0.00025850234764656006,0.0003305181403662014,0.00032023795654504474,0.00016376993789607693,0.0002881018577065782
V8,0.0002725400471517132,0.0004574596149393086,0.000629037553890897,0.0006818330012506378,0.002479867678783542,0.0007359353622198018,0.00020663103585177994,0.00034985174870830074,0.01601135326580918,0.00031194742516199434,0.0009175708163648615,0.0005738441513789325,0.000978273310346671,0.000575443129278597,0.001548827879491054,0.00023644764747784836,0.00030040837884663993,0.0015175619380841856,0.0009953310491867997,0.00033703923508117113,0.0003976817342684951,0.00030419582032263626,0.00038913575402581486,0.00035066464053992664,0.00024030669193709738,0.0004218518742074307,0.00038628404173858387,0.00032136243706450194,0.00031042850829116975,0.0004504912950731258
V9,0.00016584325779891255,0.00028214085330336184,0.0004058915046601638,0.001494674079604192,0.0012433842142366728,0.0002206445366751219,9.95828831533137e-05,0.0003468755371309895,0.0003119474251619946,0.014075568259452933,0.001388515382178808,0.001387093832691174,0.001720450490978317,0.0002829455494853951,0.0015229486375684166,9.777084740947691e-05,0.00021299305522789504,0.0003562127448541484,0.00030937405198983606,0.00015837789372324368,0.000140900007762412,0.00018215338879615863,0.00014165401658664862,0.00011189922291607028,0.00013129636775581938,9.05402525953918e-05,0.00016632547410864,0.0002243705759138831,9.151876640139698e-05,0.0001725622225911466
V10,0.0004575994601071052,0.0006812359252924147,0.0005231058041417766,0.010107851745495096,0.006932540159035442,0.00042640243206227787,0.00037739543870085406,0.0006120587413518139,0.0009175708163648615,0.0013885153821788065,0.09657875506903162,0.006065769530343212,0.012024675964924245,0.00024236274316339495,0.015292853154011861,0.0003243134257462691,0.0014286347701453412,0.0015576000161841397,0.0006612649127727241,0.00044313314076177275,0.0003526058685760973,0.0007614082754162977,0.0004657405070705797,0.00023688743186844774,0.0005785943634718892,0.0002271444470066796,0.00036418156565944175,0.0005895372921496974,0.00035021499525641505,0.0002487581685549894
V11,0.00031311225669336404,0.0007156486851672213,0.0015691509520861621,0.009214883209766047,0.007253138156438207,0.00046974941329064475,0.00016101768739239204,0.001600652571801645,0.0005738441513789325,0.0013870938326911747,0.006065769530343217,0.08788551333495595,0.010848266826055074,0.0003114208881610933,0.013532427228045034,0.0002911394670685287,0.0019204529350758267,0.0013869310021969062,0.00040405614668794355,0.000281769682778725,0.00018429168333068335,0.00030461024054927627,0.00035525050634947314,0.0001621674050861682,0.00034816006219842585,0.0002448344838155576,0.00028902279705186553,0.00034665191324584013,0.00027078574164180044,0.00043445116778380435
V12,0.0005728612469462873,0.002415288912223122,0.0016837117413760932,0.019183519724789665,0.011360295104964746,0.0008792130412761015,0.0004837520746000761,0.0027557033819345118,0.000978273310346671,0.001720450490978317,0.012024675964924236,0.010848266826055079,0.17994399340694986,0.00038288080774843183,0.0171482357314939,0.0003625172901481729,0.010368461287673603,0.0127161550837473,0.0012121885579523249,0.0007762623122233565,0.0005369900376228378,0.0012649046723079455,0.000387757010279211,0.00035984934779710777,0.00046768379312012317,0.0004910710821812665,0.000352551360597415,0.0003876852795443848,0.00038487596350193385,0.0005416863839184974
V13,0.00020085620728760124,0.00043507896677964916,0.00023385120562023507,0.0003538412051364471,0.001191572159798833,0.00036123465766886695,8.627884829175341e-05,0.00039302261855332323,0.000575443129278597,0.0002829455494853951,0.00024236274316339495,0.0003114208881610934,0.0003828808077484318,0.006559366717744064,0.0010810868670876556,0.00036713797869443953,0.00020903466743170903,0.00046753789506506495,0.0003579662182173521,0.0002156957586971556,0.0002876142192254126,0.0004123514333686274,0.00015197294424426508,0.00017916504870358273,0.0001933319367523003,0.0001484544095526222,0.0001566836221624672,0.0001369328747999463,0.0001490562586292856,0.0002117803489204054
V14,0.0011651708216669338,0.001298333374391683,0.0032117601737327484,0.017512884556570928,0.012486691351004178,0.0009892042931396638,0.0008590981605929612,0.0015508548724295424,0.0015488278794910538,0.0015229486375684161,0.015292853154011856,0.013532427228045032,0.017148235731493898,0.0010810868670876551,0.17727240492767052,0.0007990534639382335,0.002311397435170972,0.003107313831235043,0.002164850900130994,0.0007095401544077833,0.0005030131932305001,0.002861947015780062,0.0008134013527475661,0.0006093103832974518,0.001044890738438936,0.0005839175121138136,0.00102527797730921,0.0014029638488014596,0.0007697986917120141,0.0007879153263777747
V15,0.0001683377948997469,0.0004719707834660724,0.00015366268651232268,0.00043257282830177384,0.0009309964817000994,0.00023045902884214254,8.889234698324562e-05,0.0004210960703858611,0.0002364476474778484,9.777084740947684e-05,0.0003243134257462691,0.00029113946706852843,0.00036251729014817255,0.00036713797869443975,0.0007990534639382335,0.005156782561699603,0.00020713787984322506,0.00030026535269871824,0.0003516727649900996,0.00025927461009689985,0.0001431230024489085,0.00013924942994006023,0.0001560185595439654,0.00015810633914880405,0.00012977995709878858,0.00014884081178754164,0.00016815970165112316,0.0001484192771750682,0.00012273742636241525,0.00030193263273644596
V16,0.000150783743510668,0.0004091372040981586,0.0009113849318497499,0.0028183004885215103,0.0018326304680896105,0.00046572680478010125,0.00022474796787892942,0.0008179439857304726,0.00030040837884664,0.0002129930552278953,0.0014286347701453423,0.001920452935075826,0.010368461287673597,0.00020903466743170908,0.002311397435170976,0.00020713787984322514,0.04683473438456771,0.005420087528080705,0.0006996965621281943,0.0005483798237969168,0.00016852951974074805,0.0006874285500181308,0.0002316535264285951,0.0001770032231773413,0.00028490005705245265,0.00013331761104473064,0.00020205988603154003,0.00019441065083965775,0.00022821270475214495,0.00037230036603631015
V17,0.0003661016483455103,0.0005565597516951449,0.0005957920992404488,0.006090163820866645,0.002570886300240029,0.0012530357695100397,0.00045119253864999017,0.0007576589228647651,0.001517561938084186,0.00035621274485414913,0.0015576000161841414,0.0013869310021969055,0.012716155083747295,0.0004675378950650648,0.003107313831235036,0.00030026535269871797,0.0054200875280807055,0.06325863212027824,0.0020080491058541384,0.00038001969889049777,0.00038245909696265934,0.00037607870192509716,0.00029356356704087394,0.00021568181188837926,0.000257958069302561,0.0002649159494950699,0.0005043927269849018,0.0004358360790172106,0.0004053282478775929,0.00040822287350568523
V18,0.00037019201342446183,0.00029788844016142657,0.0003553987352595101,0.000679317383054824,0.0014489887874704055,0.0005551069084095518,0.00018035073296172378,0.00087984870942958,0.0009953310491867997,0.0003093740519898361,0.0006612649127727236,0.0004040561466879436,0.0012121885579523253,0.0003579662182173519,0.0021648509001309948,0.00035167276499009956,0.0006996965621281938,0.0020080491058541393,0.011941569443710658,0.00028512279111028444,0.00016882593472775044,0.00017812307690224055,0.0001982032443314853,0.00019373215813114322,0.00023619927456728108,0.0002793983627883374,0.00045348965822474815,0.00035320424005323437,0.00037520987759002706,0.0002935772605700544
V19,0.00016809566611824522,0.00042171252751542834,0.0008192459787283288,0.0003841299047421548,0.0012727705054455995,0.0006789748503550995,0.00027262490990528747,0.0003830305776843875,0.0003370392350811713,0.00015837789372324365,0.0004431331407617728,0.00028176968277872523,0.0007762623122233561,0.0002156957586971556,0.0007095401544077838,0.0002592746100968998,0.0005483798237969167,0.0003800196988904978,0.0002851227911102843,0.009136828330040928,0.0001996841485851874,0.0002662336574979095,0.00020865524057571937,0.0002036028428511666,0.00027764733690415,0.00011919433308311008,0.0001993697238141937,0.00027922662279974595,0.0002124495103292893,0.0003287942243521954
V20,0.00015145585753658253,0.00019671704522325432,0.0003063135795161391,0.000406308745456569,0.0014029908596105067,0.000343640319403655,8.243053165627907e-05,0.00012718092547137733,0.00039768173426849544,0.00014090000776241206,0.00035260586857609736,0.0001842916833306833,0.0005369900376228381,0.0002876142192254127,0.0005030131932304998,0.00014312300244890842,0.0001685295197407479,0.00038245909696265907,0.0001688259347277505,0.0001996841485851875,0.005147266352015578,0.0001354112122800223,0.00017478354499489115,9.34218002060472e-05,0.0001142142439933535,9.675259348190781e-05,0.00011977684353432518,0.0001025341415254481,0.00012501516541156148,0.00014192669531865523
V21,0.00015154753393356504,0.0001972033659349502,0.00021590794612437293,0.0003065076733511772,0.0006574017667019265,0.0002589953252488902,9.141560658677704e-05,0.0002462189416380492,0.0003041958203226363,0.00018215338879615868,0.0007614082754162977,0.00030461024054927605,0.0012649046723079457,0.00041235143336862753,0.002861947015780062,0.00013924942994006018,0.0006874285500181312,0.0003760787019250969,0.00017812307690224052,0.00026623365749790974,0.00013541121228002244,0.01053827665360788,0.00018744786428606284,0.00011827119770692212,0.00011239269631762618,0.00010892191383250074,0.00017905696883383185,0.00012519117642535683,0.00015497573544990555,0.0001608904631649105
V22,0.00014570514293232845,0.00015784863076887378,0.00014144370637433323,0.0002770415024628519,0.0009579462618391423,0.00019436948129027715,0.00010190449724796143,0.00021053842274601994,0.00038913575402581497,0.00014165401658664873,0.00046574050707057983,0.00035525050634947297,0.0003877570102792112,0.00015197294424426503,0.0008134013527475655,0.00015601855954396542,0.00023165352642859506,0.0002935635670408739,0.00019820324433148523,0.00020865524057571937,0.00017478354499489115,0.00018744786428606276,0.004763334399683569,0.00013747943415435388,0.00013244498242059226,0.00011147325601125624,0.00013969389518799736,0.00020142366434081055,0.00010527648575099123,0.00017025784926410923
V23,0.00012165857188820326,0.0001692491883210002,0.0001697937889430762,0.00016262011590709912,0.0007171145454554598,0.00021155410785512,0.00010915869269931593,0.00040844547838032543,0.00035066464053992664,0.00011189922291607027,0.0002368874318684475,0.00016216740508616812,0.00035984934779710766,0.00017916504870358273,0.0006093103832974513,0.00015810633914880402,0.00017700322317734134,0.00021568181188837913,0.00019373215813114322,0.0002036028428511666,9.34218002060472e-05,0.00011827119770692206,0.00013747943415435388,0.0035863307308412907,8.958115167004955e-05,0.000125050763245515,0.00014909002474631865,0.00010279605515768384,9.450028397130341e-05,0.00025947055222278625
V24,0.00012971050726408575,0.00012507467647493835,0.00017375065450580922,0.0006704428493644117,0.0009507100745099444,0.00024075960029319672,9.79030742812314e-05,0.0001875017348052601,0.00024030669193709738,0.00013129636775581943,0.0005785943634718895,0.00034816006219842537,0.00046768379312012344,0.0001933319367523003,0.0010448907384389356,0.00012977995709878852,0.0002849000570524526,0.0002579580693025608,0.00023619927456728105,0.00027764733690415015,0.00011421424399335341,0.000112392696317626,0.00013244498242059226,8.958115167004951e-05,0.006866148837192026,0.00011051169947522239,0.0001547029033107914,0.00015773410289766186,0.00010131527444759195,0.00014468952913350086
V25,0.00010319902878192815,0.00021590720869657534,0.00016052350630513544,0.00019201002910218065,0.0007328455904671842,0.0002558594798629275,7.291275537192917e-05,0.00025850234764656,0.00042185187420743094,9.054025259539173e-05,0.0002271444470066796,0.0002448344838155575,0.0004910710821812666,0.00014845440955262222,0.0005839175121138138,0.00014884081178754164,0.00013331761104473064,0.0002649159494950699,0.00027939836278833733,0.00011919433308311018,9.675259348190774e-05,0.00010892191383250074,0.00011147325601125622,0.000125050763245515,0.0001105116994752223,0.003585562309676564,0.00014848583094769126,0.0001498685534143186,9.233313701926814e-05,0.0001979806283537577
V26,0.00014074526577505708,0.00018984994536073204,0.0001870706447275615,0.0003729490369807507,0.000949281425773542,0.00032217089888386826,8.691119749359775e-05,0.00033051814036620127,0.0003862840417385839,0.00016632547410864003,0.00036418156565944223,0.0002890227970518654,0.00035255136059741477,0.00015668362216246731,0.0010252779773092101,0.00016815970165112308,0.00020205988603154022,0.000504392726984902,0.00045348965822474794,0.00019936972381419355,0.0001197768435343252,0.00017905696883383182,0.00013969389518799736,0.00014909002474631865,0.00015470290331079145,0.00014848583094769117,0.005806610474596993,0.00029903750324885957,0.00013378669044094579,0.00024050259970061664
V27,0.00013980285777563856,0.00014476387585969262,0.00018535502768025273,0.00039356137471413066,0.0007908868886775752,0.00022893257466083172,0.00012386867015242199,0.00032023795654504485,0.00032136243706450194,0.00022437057591388304,0.0005895372921496983,0.0003466519132458404,0.0003876852795443846,0.0001369328747999462,0.0014029638488014605,0.0001484192771750683,0.00019441065083965775,0.00043583607901721046,0.0003532042400532343,0.00027922662279974584,0.00010253414152544816,0.0001251911764253568,0.00020142366434081055,0.0001027960551576839,0.00015773410289766189,0.00014986855341431854,0.0002990375032488595,0.006840911444775742,0.000147009635874799,0.00010626021988629868
V28,0.0001478178833662804,0.0002536576571722477,0.00016491318146247605,0.00034870424145668264,0.0005879653427213801,0.00017903259927662792,8.911527243144257e-05,0.00016376993789607704,0.00031042850829116975,9.151876640139707e-05,0.000350214995256415,0.00027078574164180044,0.00038487596350193407,0.00014905625862928566,0.0007697986917120145,0.0001227374263624153,0.0002282127047521449,0.0004053282478775929,0.00037520987759002695,0.00021244951032928922,0.0001250151654115615,0.00015497573544990552,0.00010527648575099119,9.450028397130347e-05,0.00010131527444759192,9.233313701926812e-05,0.00013378669044094573,0.00014700963587479894,0.0034220334434301885,0.00014205024246997033
Amount,0.00014938093204799167,0.0003412453340138738,0.00028931796356651947,0.0002994946228530555,0.001432693477594552,0.0003464186272187381,0.00015370740384349822,0.0002881018577065784,0.0004504912950731258,0.00017256222259114665,0.00024875816855498894,0.000434451167783804,0.0005416863839184977,0.00021178034892040544,0.0007879153263777748,0.0003019326327364461,0.00037230036603630993,0.00040822287350568545,0.0002935772605700543,0.0003287942243521956,0.00014192669531865517,0.00016089046316491052,0.0001702578492641094,0.00025947055222278614,0.00014468952913350091,0.00019798062835375764,0.00024050259970061664,0.00010626021988629868,0.0001420502424699704,0.006786483143833772
