Time,V1,V2,V3,V4,V5,V6,V7,V8,V9,V10,V11,V12,V13,V14,V15,V16,V17,V18,V19,V20,V21,V22,V23,V24,V25,V26,V27,V28,Amount
-0.7077608399541054,1.2288211502379,-0.0634077165201056,0.274145142235826,0.647465021810117,-0.0481345611508765,0.372073028593297,-0.22423058741343,0.0799390492455152,0.640758817066441,-0.273053702248503,-1.25272793883718,0.465078770741453,0.400502115321077,-0.292841860600363,-0.10177401599731,-0.399835897844616,0.0343356567914817,-0.783550254934187,0.141344900433949,-0.0965659023514416,-0.129554448055005,-0.0837793282428063,-0.151661473916324,-0.700371597289218,0.598550164523483,0.491409070563651,0.0029892597250263,0.0017822861144491,-0.3128462297111745
1.273872049805056,-0.203154117665717,1.17667777182315,-0.759594832883314,-0.518472455957398,0.629648947172589,-0.721674625088439,0.638892985881856,0.243377329677247,-0.157487868303321,-0.506595005366848,-1.39484144357662,-0.0924721664978404,0.0216342335069924,0.730796921838541,0.496342532883165,-0.199594477884372,-0.434390466773866,0.348660088582621,0.162523708758746,-0.098429128747839,0.384629227856382,1.20675396332747,-0.0827534226957927,0.508386350087481,-0.710906426589181,-0.234509796662588,0.379640313115967,0.261350699624429,-0.3517449397640413
-1.348110607707722,-1.67283619428826,1.40129707385683,1.50393962832975,2.17549051030442,0.699791086586098,1.0621387170741,1.11436359165808,-0.535821928424557,-0.252982535390271,3.07121906114136,0.768573877258727,0.202065465861049,1.34918017839529,-0.950567032301047,0.922046240378277,0.366995410333653,-1.2154886840965,0.598609940855112,1.42596808462396,0.828472399409176,-0.525949978211307,-0.408742596297216,-0.280082875382969,-0.846468055345728,-0.155456242240323,-0.0623832553195322,0.0077774994012319,0.113900012105318,0.0117708297049041
-0.8780561002988553,0.819378670533819,-1.12491322246626,0.515024759582181,0.513944559458827,-1.00904770092025,0.488483751596174,-0.580672255652935,0.187686415345084,-0.999142091884096,0.871966423621385,0.906598647169738,0.386404355072563,0.101522173476844,0.275542566268997,0.703470842931098,-1.00496019281063,-0.425904225407635,1.77400999395551,-1.39960911420084,-0.110144392482068,-0.0572052962784476,-0.168060874432991,-0.19873222496742,-0.337408312466199,0.238537841301843,-0.289454030315507,0.0382135893019466,0.0584065036508652,0.5680712102936015
0.7271036023150808,2.00970146906462,0.105635251133812,-1.75275864153864,0.588311722786132,0.374800962088875,-0.637884284304596,0.0092595398612426,-0.129486779254454,0.492619134058994,-0.527042769031659,0.985105014336901,1.03650285678328,0.417644499140324,-1.64189418981507,-1.12346972576028,0.316818499357429,0.891983164727822,0.610566661134573,0.215797810550088,-0.135479243248095,0.008969682873936,0.3573941776609,-0.0134721965856169,-0.446920135357964,0.11152198186977,0.642943537070233,-0.0369981508170214,-0.0434044290786864,-0.3539014582083948
-0.6335106745064008,1.10085087638633,0.157222703151021,0.460897614879751,1.14440079609659,-0.262776814302292,-0.207127380870767,-0.0698855303656747,0.10807709766453,-0.18928450977757,0.202442440664032,1.56634499712595,0.646505282490165,-0.781036960482629,0.704608784947965,0.550788514723169,0.0285617139879336,-0.331792985879161,-0.0020777443384407,-0.620950993285937,-0.178526432546419,0.165189651078753,0.452340391112007,-0.0732626593256199,0.222735807521662,0.5145410209538,-0.280894713226363,0.0235277366677617,0.0120328383764268,-0.2742323428490714
-1.4161486918147936,-1.42860068202697,-0.230183095397299,0.913876764984272,-0.555967776350706,0.934244324686555,-0.490980872551698,1.58535938233474,-0.453572284057023,-0.813234740226682,-0.349193474282919,0.925020457054444,0.697181886682259,0.622505508969656,0.0887640400352606,-0.399146489257305,0.591160954381292,-1.15747124866379,-0.188942895558316,0.125603178449688,-0.0468834055646241,-0.426218648471675,-1.14015574859591,-0.199477157199515,-0.323784229927015,0.435416897761441,0.0517838350066601,-0.215279787527527,-0.349317225860181,0.596146639097449
-1.4196232457849782,-0.915128015521156,0.500570132616873,0.169310452181513,-0.839501385748506,3.08074831308821,3.5503442581646,0.456990733212926,0.626989537089893,-0.0942902050994637,-0.265482742283325,-0.685037967227502,-0.170380604045795,-0.414593936517929,-0.221110455886009,-0.724112070497476,-0.0407076817042756,-0.874621314233026,-0.0267186653169921,-0.146173532751309,-0.0961845573860553,-0.145187969298962,-0.312073216753736,-0.417837862827483,1.00642251421545,0.473066388459545,-0.529045041407943,-0.306823824391541,-0.11315992173626,-0.2724013366227335
0.3481455826336021,1.9051703862187,-0.0481290313154818,-0.606485714658943,1.66974589547977,0.140037037388385,0.201096337084362,-0.171609171703438,-0.0526820300679927,2.05774471425304,-0.240263305228092,1.06189437092732,-0.795592670185004,2.01485173533877,1.23838216332371,-3.19897007478049,-0.671745395509127,0.545695271533117,-0.198257971453071,0.425578220664213,-0.266457912284992,-0.43679436660077,-0.630865080967422,0.180074567239949,-0.469281389894885,0.0532497224174759,-0.855572545219498,0.0135769754871754,-0.0600189349368815,-0.2782605565470147
0.924837310072865,-1.4619223999514,0.398294073822122,0.518683634882483,-1.06465791607552,0.552358148585875,2.08857718904454,-0.3453768018656,1.14223931390526,0.294363898560555,-0.607082259399008,0.211631273690833,0.182156039744044,-0.959853677488407,0.315333650820903,0.222993077915829,-0.0489299067437197,-0.0158873369474482,-0.274861871088983,-0.836578363417495,-0.253918462787598,0.327198817015485,1.03295977650594,-0.181449021874422,-0.901740906787743,-0.234029106851881,0.697419239858775,0.0352610457507144,0.0819301036356363,-0.116236850029739
-0.8425945919001216,1.1569514271342,0.210930330048579,0.369564317442805,0.581676222121764,-0.289602872153587,-0.411794480791993,-0.139809962209084,0.110195079643147,-0.135201472979155,-0.136612053070197,1.91191091839325,0.691053714427491,-0.637575487180546,0.0933626291738859,0.709843652590761,0.357142967832241,0.137427029240775,-0.230361046656348,-0.338602690862396,-0.155971968526103,-0.203737045454225,-0.624508172893096,0.180896387518679,0.164140513883333,0.0618949492278276,0.0965759387106314,-0.0147199443660459,0.0175995594525459,-0.3556103973529768
-0.7457071808890924,-2.01051902893107,-5.49821614259078,-1.98249166167642,1.36243213663365,-1.77542488572054,0.444619442278414,2.14283200466703,-0.336977487652121,0.0076663806194954,-0.804388733856903,0.923778026301072,0.321571913511745,-1.15913274448471,1.01080091170743,0.0348457025056333,-0.0121020894156479,0.0885517210303326,-0.0956259799859622,-0.174394424070052,3.23089781127798,0.972493695918861,-0.935926222088945,-1.57383537709967,-0.153810643281644,-0.173970546551456,0.947783161619373,-0.407883271643843,0.265780552390501,6.493817694131733
0.6216245669414129,2.00066100567809,-0.809049247441943,-1.25881343757023,-0.378943143338697,-0.692878824953918,-1.13095156159224,-0.181207862611015,-0.216752887181369,1.88290489103221,-0.44415871354838,-1.48984381645951,-0.280747013203289,-1.91428976118133,0.178848320755047,-0.694625882037139,-0.950888117820907,0.385432385766423,-0.273334736887638,0.683242851185996,-0.251785010643056,0.239111340906599,0.98748325626344,-0.122758476410759,0.15212278386892,0.263970766716454,1.06394295694965,-0.0862248824854391,-0.0756865658306065,-0.1765379884171329
1.0142491655722847,2.06735896445002,0.162025431049358,-1.65965028453403,0.441822801621487,0.366710878081887,-0.93965687327683,0.189443474200491,-0.244393189635538,0.483840972174779,-0.379017910251857,-0.472204482855384,0.191418399356175,0.0665902091848803,-0.842212808528631,0.195483258045035,0.285445437613729,0.509786698972282,-0.343750097246188,0.0138434310814494,-0.157553900244709,-0.357484161556868,-0.924137326959337,0.352107065120749,0.639212959092006,-0.271252402240552,0.165174489379117,-0.0624705460803874,-0.0293255885941144,-0.3515821836550334
-1.2631630276124184,-1.77722884023607,-1.39377255948412,1.38890043843317,-0.638347464746265,0.731153840872179,-0.926714433616407,-0.107567577454626,-0.253607232069346,-1.16371481045246,0.975715588610803,0.720127907816465,-1.15689552420426,-1.46951550660899,-0.110396108424078,-0.348599562508171,0.479167762790536,0.478329043500622,-0.652461750325104,2.2786757849131,-0.214876945170976,0.0326300068645715,0.667817474144501,0.353777539562055,0.0288741671311761,0.78283841320922,0.07282453968436,-0.220023915178683,-0.155704320886888,-0.3189495837989674
-0.5053312198608595,1.05691028767406,-1.84252394798052,1.20552128857576,-1.33347227616646,-2.12593401532686,0.39992252437889,-1.65651610143868,0.230370263793455,-1.60267460387417,1.41778400307276,1.45733113639669,0.216778872652608,1.27997812867917,-0.653924912056851,0.647073576017686,0.0879608643058426,0.205044051790122,0.703721156828286,-0.780270047756916,0.0536061306953971,0.259599759363491,0.839678298710456,-0.137029175216087,0.0576954499602619,0.0645007530007136,-0.0480515190679832,0.0697245202590378,0.0547290565952234,0.3626730007257443
0.6769226198244738,-0.514681070729122,0.676758152712214,-0.609135389509887,-0.438279622997681,1.82680915899578,0.953697829697447,1.69738362529686,-0.0228325916231533,-0.0932589180203485,-1.94350540277666,0.286896194685153,0.333513202631346,0.608476226187624,-2.49490286938736,0.169367868470826,-0.976797950861666,2.24725372710721,-0.864622734273668,-1.32793102359687,0.268469218353149,0.0462301579171903,0.400550104188587,0.125627539602749,-0.512653246887635,-0.244194347709096,-0.329674063476571,0.0293446337467652,0.0049726461350956,0.2387749127435482
1.441871998739199,2.25847989730292,-1.3721127532905,-0.755373989393572,-1.64168473081056,-1.24700129807555,-0.4468956538489,-1.20255038735346,-0.135720982049081,-1.47010956866664,1.70298656797111,0.553257283286771,0.305427090162138,1.32333584109746,-0.501613850386778,-0.904873573258622,-0.256997491028214,0.0535199053280133,0.435217684679312,0.214899878537511,-0.355363855446214,-0.115304341894571,0.206105595765364,0.189088763011027,-0.330612394499021,-0.210608603568551,-0.181007412907397,0.0224735387936454,-0.0573214462425837,-0.2843639106348076
0.5310545267852649,-0.072348933630386,0.518409846898109,-0.340591507262101,-0.756896370640992,1.44535072933658,-0.810288006280889,0.983261054884007,-0.30010424918444,-0.364187584615606,-0.53507861382495,-1.27146389269641,0.412355967680201,1.19984599517861,-0.0117359078497445,-0.64005516007942,-0.368395702327304,-0.544718201409315,-0.16830706242904,-0.0932627245720199,0.0087093163591371,0.500357847203906,1.58573537871172,-0.257460833951305,0.625502418726324,-0.452922752948837,0.816306521308884,0.151010599312914,0.230334324219956,-0.3504835799192308
-1.7667627742607048,-1.17045598129474,-0.20613754323133,1.46983257226638,-0.739307984993291,-0.0195455641195058,-0.477475182875396,-0.470732584813151,-0.257482460023809,-0.0538093159094003,0.688323673281685,2.21364052387679,-2.27015109037625,2.91270748991123,0.961946095888538,-0.455004443445115,1.10703962403336,0.674387112487466,-0.359682631441204,1.55963284746419,-0.116891083773152,0.0774430213544084,0.566008056014516,0.0635533031751785,0.0072715158281737,-0.536596839725117,-0.362700381647131,-0.354310185481974,0.336967759904082,-0.2947396125840555
-1.693797140886826,1.13811950489523,-0.276460122257304,0.672828570265045,0.113803289268475,-0.566823343379969,0.126185918208667,-0.684045172636001,0.174094801941649,1.69381387082992,-0.366713037823361,2.0417261003448,-2.40684751792417,0.419964099607996,1.94953491292003,0.304263242201339,0.552406489241149,0.278958532091257,0.476764675958309,-0.346728374200029,-0.128844153414896,-0.01011070847556,0.114123524973284,-0.0429033853645969,-0.313739190631718,0.0946167293530343,1.06527897648991,-0.0902759865093911,-0.0098286657592994,-0.2009514047683046
1.2163629171227868,0.112933898180146,-0.372187937001966,0.753244364054726,-2.37815983014379,-0.352901611156977,-0.264404236305254,-0.206943454595494,-0.143965309342383,-2.24994752646827,0.884270535012135,-1.21000487694519,-0.707367502507957,1.49075967482625,-0.735751718592433,-0.405394715964385,-0.756350602314307,0.436808843369863,0.0643945284481144,0.332462799263308,-0.187078453566498,-0.0937472068271151,0.213955879879612,-0.040089968881808,0.587679550471241,-0.505374367935147,-0.219260522718902,0.199944906122916,0.190432180437194,-0.3069463207596414
1.6008591652537112,1.68872525157467,-1.04240818973752,-0.440692183898257,0.708680233409441,-0.991126867848172,-0.438729409217504,-0.379200851627829,-0.217051918385339,-0.593472332882122,0.901271210357617,-0.731925585349786,0.740122999770806,1.85698549405926,-0.204643339670525,0.775851333086319,-0.985392132467383,-0.639989288343715,1.11346251439722,-1.50343551302399,-0.164836173165101,-0.362390633211352,-0.908982981587323,0.274226321210504,-0.163531899774804,-0.559500023694923,-0.982995798640425,0.0497668604726655,0.0173084684431636,0.4744864476141103
1.0703053029579317,0.176344847771953,-3.35835754525144,-2.73219664151599,0.632164424440189,0.121787640671563,1.78056611937387,0.921290602492197,0.168562038922004,0.483045383705294,-0.363141881432784,0.636507465849305,0.8697554401053,-0.418825099930822,0.653647107757099,-0.22065377047135,-0.744219956273183,0.301149801782387,-1.12764508020589,-0.550649865194277,1.57583163628549,0.550172142846663,-0.233909318375128,-0.633758430780172,-0.852516957366829,-0.497353530367283,0.598255400637575,-0.21603794064341,0.0681551415181878,3.391971079633623
-1.2381672969299382,-0.723231621310824,1.49730325749478,1.1431982264204,2.44845287310721,0.192138504208886,1.0472079291996,-0.0755734436646467,0.899239085068155,-1.54318703637786,0.79735069821055,0.204772455369305,-0.77373912897381,-1.61017628300253,1.12358184472742,1.06233578739938,0.385676800891571,-0.0350359742739465,0.493119046893649,1.11511973374046,0.0613573605379956,-0.14866552891924,-0.574279787709526,0.0041343196029507,-0.930306931462906,-0.435561926952915,0.0337704667878929,0.252256500661361,0.114860442283833,-0.3148399920465202
1.3580404874949243,-3.67217945090716,-1.32058398880768,0.805691235363663,2.01546683679375,-0.350976776117101,-0.656893970718287,-0.0128684660736127,0.920049032511893,-0.10758669707021,-0.935759822325191,-1.2636874711695,0.436220408566321,-0.584256358989283,0.467818803951937,-0.619229288961284,-0.645347522195748,0.906240562299676,-0.601685167702582,1.13179335544985,0.0141066924555874,-0.446907781592556,-1.32924070825989,0.685810119405926,0.342776055743961,0.496201282118382,-0.799642339197406,0.348165956340612,-0.747896483691428,0.0520122776570853
-0.6389857292472979,-0.305003465652267,1.00668601207245,0.811925260993332,-0.321657805995236,0.600589124466381,0.0008068276501858,0.556503297795202,0.178002327601293,-0.495207855605288,-0.32741537812388,0.352165451766138,-0.0593097259117446,-0.293705601688733,-0.196765507387365,0.337191624581596,0.944872779154936,-0.636575608370885,0.803724652092541,0.641581916227836,0.133034930983921,-0.293780510634042,-0.835398069395357,-0.16041666194278,-0.903909764352802,-0.0520328195293125,0.128550916205265,0.236114195621879,0.0752632469638548,-0.3377479143893696
1.5670612311800964,0.0417818672789162,0.918282521655103,0.311477108649571,-0.589448461432303,0.466809378590764,-1.11075326678861,1.06889184011934,-0.252050243586678,-0.161375138546842,-0.434548949359112,-0.788183948077381,0.547363670817186,0.774373697089889,-0.0393569194714499,-0.487845374731845,-0.131488616402766,-0.449194509038889,-0.844742218056123,-0.0927666873031268,0.0130025533324516,-0.250343927380187,-0.507135323295365,0.0647569012617575,0.060199970173793,-0.463990204729113,0.135129745324369,0.251720336631619,0.0992533704758579,-0.3413692378147934
0.9690378481541844,1.86350194123588,-0.20771096290969,-1.93756420717791,0.415320305516844,0.218680576213625,-0.92506991176502,0.185243922821341,-0.159457902863213,0.51561172804198,-0.316965394694012,0.912188504055339,0.0591816087699074,-1.16322419889894,-0.29920833294481,0.404884086708346,0.500982891880546,0.150690911796149,1.17098810895754,-0.110553481057234,-0.0911470783788282,0.26994459072978,0.67851333744343,-0.127983783195818,-0.48619198413816,0.182019067784307,-0.100659367812927,-0.0269789431649005,-0.0328324727946666,0.0004592801288612
-0.6185174476774825,1.26904804305393,0.0544245114113382,0.0113531488613956,0.348342304834344,-0.073513372894534,-0.234542058959843,-0.0980635892894945,0.0158996214703717,-0.0015150651539788,0.160252323229733,0.485743275007644,0.172216918572482,-0.634083182045992,0.580672007071711,0.439258021482384,0.665133124531148,-0.892377704795528,0.621997633493922,0.354043185918934,-0.104021244681605,0.0345576002220555,0.0612165946358842,-0.187721761113922,-0.473873807036124,0.57237570506667,0.465006909752591,-0.0467598442749568,-0.0081961051298832,-0.3182578703356842
1.22310144603466,-1.00870297964314,-0.526070864314028,0.353325344444426,-0.992241287072188,1.56308194275923,-0.367376176913817,0.285909535800627,-0.488365068386423,-0.984492559793667,0.563338996696186,-1.46144532652328,-0.0513076181253961,1.61961772327458,-0.371989508794026,0.713330491883804,-2.23279068234846,-0.334092172145664,1.68173604043516,0.167199474784597,-0.476187376631672,-0.103631715368089,0.627916340163846,-0.658795731614316,0.0463668206531308,0.436306295153628,-0.219518601920456,-0.168683715013408,0.0128801339773238,-0.1964756117705897
-0.2045401355571119,1.06428819003224,-0.230848999413489,1.20194303619892,1.73450445940319,-0.772520118905407,0.587564749670067,-0.567377591583421,0.319474273964683,1.34860033676328,-0.401288650164546,-1.21757621005974,0.637833609546909,-0.913791204162947,-0.611791353313875,-1.63161945025274,-1.11521336655299,0.811717684752393,-1.27273514953547,0.176358157559551,-0.234688120992664,-0.418290106611964,-0.776651412199012,0.0855412845698611,0.0642230627701085,0.401050706929032,-0.508377168740746,0.0856038256254197,0.0287186193426744,-0.2847708009073272
-0.7051917758064538,1.14376980365493,0.0151375377832094,0.655210802706748,1.45200555855946,-0.45636238312461,-0.0035651709862505,-0.247394996762362,0.138284465643978,0.708218649646612,-0.133877362317895,-0.831317029195043,-0.0409831618015261,-1.25898684688854,0.0991566008268678,-0.058458278477587,-0.616703206351774,0.335893225195856,-0.707401223266202,-0.388019847300134,-0.262437573489916,-0.0657807065121304,0.0372359451286432,-0.0589913356028821,0.0721846767208138,0.59144532870593,-0.265557200272623,0.0490287010357619,0.0176310331511082,-0.327087389249358
-1.2451585206760067,1.19186086776971,-0.642557869930213,0.366400790028978,-0.289621696596757,-0.209532780435323,1.38277023767494,-0.88123518457167,0.4831911157061,1.16839052916936,-0.316218373641912,-0.543335666933515,0.391767478011259,-0.555603627694059,-0.281664518954908,-0.541920404187459,0.325056199705678,-0.41254055509657,0.0657742049001707,1.04361291783837,-0.0324404270912397,-0.259398224306139,-0.57779618684582,-0.132678078326397,-1.65509363310586,0.228492680275841,1.06159868399801,-0.0333520618174096,-0.0134850828848857,-0.2102691920090017
1.0257467805281688,-0.451659097213283,-0.0437212144086752,-0.0416113383169797,-2.38961942343321,-1.20401896239941,0.959567322377769,-2.54333721624523,-5.33575792614939,-1.99284320028618,-0.59675818408921,-1.74403725961194,0.277642610505175,0.355370687554632,-0.224984889509457,-2.87231180038045,-0.776248817428927,1.06529347418852,-0.882018643979071,-0.612106956294957,0.860500566643566,-3.07718686485245,-0.2001175474846,0.0767101773589781,0.708600882455012,0.846698157359238,-0.381671466633588,0.0945582996120311,0.267279545526395,-0.0524364552986772
-1.7439149496688842,-1.02836404441253,0.807711662055802,1.31001382466469,-0.841348947362237,-0.372735860023052,-0.539457924262769,0.0528461855210592,0.490899269608085,1.30874729568818,-1.27344999060562,1.47205760491649,-1.59006818435499,1.13645894560802,1.60525027267432,-2.51208765783465,0.135291196705852,0.534817299614645,0.207361426532291,-0.191970069888773,-0.109826161136921,-0.0953021153681881,0.0316771970680499,-0.0936504804962628,0.342647034272808,-0.198489381759629,0.845623155299433,0.121416077310949,0.0868689906896167,-0.28232945927221
-1.199589218909463,0.927438531789961,-0.0632731185385954,0.538398764018469,1.46150092080934,0.0299678339596152,1.40451752168174,-0.637230880813281,0.631596624214629,0.894799457828851,-0.857186257837474,0.490097966871321,0.451070378032243,-1.00320275704501,-1.18772638335898,0.691901809089003,-1.37241128518756,2.2571416773063,-1.76483107671895,-1.81945856556323,-0.292342548845274,0.0361130755898313,0.509623335189652,0.0350955299666159,-0.710378757674584,0.290735167503862,-0.166967352753126,0.136929318720694,0.0407357496056998,-0.2782605565470147
-1.0258194045945286,1.23716009426929,0.26868252285188,0.326080320425817,2.38425782063009,0.170294782680464,0.574162359805555,-0.170879089433213,0.176773719058159,0.0582267272861336,0.569184724871112,-2.40909292803957,-1.13369015321523,-1.45750781224602,0.128216045573002,-0.353709024081659,0.76063752273613,-0.656213620965813,-0.024722489566473,-0.0463118219968717,-0.213936722398048,-0.396163555019585,-1.11929071585625,-0.0738537569051833,-1.07961843302646,0.505518084320802,-0.088777459856928,-0.0047420293273635,0.010298351697869,-0.3105676441850651
-1.4129689484845034,1.15723663281856,0.0938335789641324,0.534094591843773,0.529170367649059,-0.369945466000953,-0.300492185212589,-0.156861391420734,0.076737868100101,-0.14508242126386,0.0779161025448508,1.7654426528686,1.00698171456855,-0.13050927800021,0.502493927310735,0.545571363042959,0.0927024484118891,-0.28652728043749,-0.337695514993515,-0.34760130568313,-0.134830707945024,0.0251471636716033,0.0925501982181493,0.0469233484653355,0.246044944251911,0.262186668757791,0.306226014848679,-0.0189485560347091,0.003085494654424,-0.3407589024060141
-1.050857251082708,1.22250117251871,0.491903542619828,-0.082521695804209,0.987913432658549,0.164675789241472,-0.845453147058192,0.515113782892461,-0.258261029552923,-0.667442470522125,0.186484994674591,1.4796387668844,1.35522518765227,0.760908986369677,0.593084847767072,-0.110511966195555,-0.0588853346082173,-0.612389700181113,0.0230493376035632,0.0295909952912404,-0.0766976163289856,0.0681231267126367,0.244724787742731,-0.173797539213493,0.373883011895114,0.849200280299651,-0.317267709025157,-0.0074170930091157,0.0036909992076785,-0.3271280782766099
-1.1634749155223918,-2.94824565817984,-1.91236580490062,1.95078835044827,3.91470634999881,-0.227101741905905,1.06175415303423,-0.574002330485253,0.956382547910201,-0.150411599617485,-0.110273526845983,-2.3877141964507,0.245211305323501,0.584104640366483,-0.720330105207256,-1.25758337620673,-0.458713576209779,0.740189369816465,0.261948986131336,1.72810813417857,1.53906615432825,0.184403317076921,-0.325439565383283,0.455336778532053,-0.431882872305447,0.450887067870276,0.350554933671675,0.19745278697623,-0.209257987878352,1.0250903643875342
-1.9466604383048745,1.16266558549883,0.12855876311299,0.356390450080683,0.656463943165433,-0.581724875091182,-0.898398824431048,-0.102456616426022,0.0216173156772836,0.0128309938097323,-0.0729096862235532,1.52614785866287,0.0919301688753379,-1.58244819214514,0.261995213356594,0.566491369822946,0.697419713614436,-0.0849506747175068,0.34112100578061,0.0201252591330687,-0.147553993309788,-0.230959277765291,-0.828151722351753,0.146287485960805,0.450060855318721,0.0949528397823459,0.0680768273064277,-0.0411210103127145,0.0222432313567816,-0.2783012455742667
-0.3036175684645,-1.2054161817057,1.33168519597599,2.25401668782998,0.658780150474153,-0.601801976591132,0.724441960617825,-0.700282190810323,-2.12138934419429,0.314674076082962,-0.516634163549138,-0.285713855576662,1.09658266004916,0.859121375878047,-0.54461765881984,0.0254065351811289,-0.446018733652008,0.299382588665178,-0.533739176402877,-0.581503864634119,-0.560557320669202,2.36257098454691,-0.302635721990265,0.231724818925014,0.378294973979798,-0.0745413612889567,-0.424515397964225,0.260488640079864,0.10032452095998,-0.3189902728262194
-0.3202954275213866,-1.83114109780585,1.92256775382743,0.234719926069663,0.805444839536054,-0.369244167619881,-0.418483148856491,-0.026016974528654,0.622592481441636,-0.500474471540433,0.148184129381553,-0.487207124881137,0.435259645103022,0.41915582323035,0.702908344292661,1.2193660309946,-0.460229510324787,0.367797572536787,-0.358057509259071,0.0485362846837146,-0.224307327989602,0.317058982431712,0.584580311754676,-0.0775784620338541,0.0981676128561384,-0.296634035701183,-0.363803430010869,-0.632426094359372,0.112303531555825,-0.3181358032539284
-1.341793236852841,1.37374849178137,-0.767854568515345,1.01538424917575,-0.742399860067007,-1.36463583785671,0.0091606643445215,-1.22814676596692,0.0464742619408501,-0.274035799491502,0.598419494628247,-1.20759462692749,-0.0343160906761598,1.46371629443845,-0.606794301993151,1.48218172751945,-0.408420785160895,-0.706178941468386,1.80320537057859,-0.867975397384776,-0.350214948121164,-0.204980706363043,-0.0527114713601479,-0.043249489985702,-0.382633857157255,0.0941108225137067,1.16255827479262,0.0004642046251823,0.0221514867614424,-0.2902638195863408
1.6049443984065346,-2.69101657566297,2.64614848676101,-3.67195522532307,-1.74157304650752,1.71831467052494,2.92947453431969,-0.913745228127651,2.42602765057991,0.532145680841583,0.474033100193542,-0.214408222500851,0.449536373764836,-0.20012403180049,-0.158282258005262,0.13770886312895,0.49526283193847,0.857955020949807,-0.357931807726963,-0.58639228037837,0.386645347434027,-0.398666949847951,-1.05612545359955,0.372781456421255,0.568937681672393,-0.0502122842510225,0.161684506759204,0.0951056639956876,-0.0431297006798048,-0.3195599192077467
-1.2535395660101492,-2.06936192400166,-2.15331711435837,-0.655727758761632,-3.21928937999454,2.4786944485569,2.24119895912205,-1.87910252453433,1.22602645259492,-2.399935792758,0.766228460044836,-0.677229967819916,-1.00790476846579,0.46942328537751,0.0332078379979363,-0.0286827368436027,0.381090925145773,-0.20049227799582,0.474919150728212,-0.736609093586405,-0.410998756902896,-0.111953213968178,-0.484427751945305,-0.615546241422032,1.03104263463733,-0.189895561651513,-0.467529774769806,0.136579246963283,-0.344746282719816,-0.3189495837989674
-0.9464942845600692,-5.09368141021477,-4.8513491017495,1.66949267937536,1.69981236782783,1.48667966890473,-1.7729058094607,-1.25057557569321,0.892477444275837,0.0825691628165845,-1.32081919336247,-0.657891995772581,0.420835157188244,-0.186136483868968,0.347290325937733,0.499961103370341,0.226640974764222,0.0317802417852246,0.101546828478334,-1.55795234090859,1.81720949379076,0.88256503611554,0.255474552407907,0.50369512329603,0.396202932503669,0.505194468523628,-0.388487917559627,-0.0629073347924326,-0.683983326968024,1.0842928990391254
0.6612976559100674,2.07870016551191,-1.13593325051003,-0.27938519424754,-0.668839823257358,-1.01292829851633,0.486985802011089,-1.38295559472345,0.201607189884853,0.097407608237481,0.946531968417813,-0.316045396297534,0.536390281529398,0.899602569539605,-0.39923086444615,-0.0071956939500581,-0.327597868317141,-1.04895910226752,2.19870722941692,-0.398440225488757,-0.476472789377316,-0.323571378014377,-0.368728733840256,0.232696613952352,-1.10463357339859,-0.593013439877459,0.532071303268741,0.0070246769135891,-0.0497617839128186,-0.2381818647038413
1.1328262165184064,-1.55179828467881,2.19437709058997,-0.823167344945654,0.522881092626078,0.736310818174801,-0.461345423584088,1.07041737200109,0.150899891790132,0.0823982253943418,1.71534783685672,0.333342495388381,0.45862435109973,-0.520376038780865,0.474020317039507,-0.894352738150619,-0.972713365779249,-0.140947101874255,0.194732118116977,1.02143913832076,0.632541812073804,-0.02916198407439,0.600446090144875,-0.281710247520607,-0.403532567361404,0.287047033593422,-0.374281664614256,0.66480321754275,0.281605031547369,-0.3372189570350942
1.36145186775656,0.0398330420787386,0.824728646071782,0.281519425395954,-0.588916220282861,0.386007190065888,-1.05243778286335,0.960301661871682,-0.150189746302073,0.0384825464489778,-0.402672785526494,-0.97124576247925,-0.139092895011017,-0.551594901494916,0.228626228446954,-0.294994678082534,-0.125754644648745,-0.320371056486634,-0.769472573853287,-0.151862913279494,-0.083948622401422,-0.261989174709481,-0.593036797229719,0.0800559121277572,-0.0352680777389085,-0.523766827448522,0.145311115905487,0.24719036674956,0.0954966067205585,-0.3503615128374749
-0.5127857174696194,1.19827940873487,-0.851404478825109,-0.172063265464433,-0.760587657788552,-0.732619542953126,-0.390913606408838,-0.308316562523869,-0.108759853170509,-1.11613306310145,0.825913355198728,0.531610598454625,0.133998302821093,0.0514706675039917,0.392840619572245,0.242204321515674,-0.905393266851763,-0.495583592937015,1.65063203295988,-0.243174207720531,-0.238971264834344,-0.317584288129548,-0.72437760913468,-0.145396991283446,-0.317131334351739,0.286788637546266,1.05452584962523,-0.0931121791611634,0.0061224399172026,0.1204919105221217
-0.6063249219275616,-1.44465563791867,0.905216896057169,0.832578659770191,-3.2140554016233,-0.279793227798195,-1.74104185686599,0.922723003151179,-0.210107395165683,1.54641346938806,-0.888686023794967,-0.525403097904733,-0.136816557804254,-1.14833699655247,0.0849241662184558,0.597371959344497,0.0659970780544575,-0.781317321536734,-0.164749834372835,-0.940945920419415,0.0259362666453435,-0.0658460742997355,-0.0638933126293193,-0.159635782515983,0.366076843939306,0.145336403893333,-0.359604294323086,0.224199775120036,0.361577362247294,-0.2640600860360833
-1.0887193604062966,1.26759196194659,0.117547002903499,0.0685087495328038,0.0976613538110745,-0.400821603570425,-1.33189462422359,0.309031454533404,-0.295794994224544,0.0027689816100144,-0.129369187129321,-0.22886136067944,0.0170905301976938,-0.452490034965216,0.524212339068802,0.904956786270794,0.140783528481835,-0.173226649771277,-0.949051173621711,0.277014531066735,-0.0715309852341895,-0.439155036193587,-1.37903737904794,0.199714560978607,0.381089480905485,0.0775695083190859,0.622399076604162,-0.107239621024401,0.0055555226475338,-0.2620256346734856
-1.921812112942341,-3.06157575372069,-1.60947434891265,1.26676774265002,-0.188386781756501,-1.37814121620971,0.0943773958341744,0.527057006721389,0.372758518201319,1.74689422384896,-1.52435214316096,1.48547627603168,-1.52500277245277,1.32003972506917,1.27737308221279,-2.2425059474627,0.612110468296437,0.46607477663904,0.303608453120608,-0.157710456112647,-0.107001367048535,-0.298468929343142,-0.583339964277602,-0.388332253746153,0.402433146594169,-0.228392659043787,0.730564295035859,0.468321838090096,-0.519314061909518,1.4191635933226965
-1.2069594849068246,1.05110202628735,-0.86092768220181,1.53259340628501,0.222562349863286,-1.28901313847528,1.2937284117376,-1.47290993590885,0.752052429961576,1.78713739322654,-0.439015463894293,0.695825774766806,0.623659201774761,-1.98579227299249,-0.421356028663756,-0.991855079450229,-0.610058716251894,0.760326663529209,-0.650216028521251,0.11824690205056,-0.266490954009604,-0.0102211728316782,0.365254072958771,0.0529058346450691,-0.208674291980983,-0.0052296550217056,1.18880179223549,0.0162280233777174,-0.0045921971733259,-0.3519076958730491
1.639563590691284,-6.71382562441313,2.36910366313971,-3.53476766223246,-0.36825932503511,-1.72103015475635,-1.32280772220388,-0.190876096195299,0.891148846809517,2.06847634171974,2.76969900053979,-1.476424077961,-0.0763652385672646,-0.755723978540113,0.758185506588724,1.01820940182512,0.0997965177128308,-0.0130496894414777,0.239192159478152,0.0961105594366854,-1.00209621624375,0.131247082942109,0.994245890170231,-0.0021399509353847,-0.0729785728487503,-0.167158738687325,-0.387271413977029,-2.61634121826949,0.474584213583928,-0.2799288066643448
-1.057616837897431,-1.09531460266593,0.598529561751561,1.66777678194348,1.34188737966654,-0.783316573888616,0.0496963688931588,1.44435742970276,-0.174625090347563,-0.837945979154745,-0.304330262447803,0.215668659620345,-0.21368149416911,-0.341699301574058,0.368621096579839,1.65359939779008,-0.691463206579574,0.392160301873619,-0.334264062006648,0.151590180080247,0.0154176227668134,0.181099380345761,0.584866612008701,-0.133296759974336,0.637461681963536,0.327078487011284,-0.108860757629626,0.0950214684734457,0.017180622313984,0.6575870702478974
-1.3862885855740548,0.989163271846028,-2.14357075525934,0.495631214635283,-0.957063981415491,-2.00011817332236,0.193486203167436,-1.17148959365836,0.118120980456153,-1.11312318278155,1.27288055353775,0.092441180637955,-0.421499995333114,-0.680950711240795,-0.608682852094925,-1.87573503648753,-0.764275992977073,0.839583614471434,0.443014521308003,0.63243284019584,0.0739940447846913,-0.129361963812499,-0.276921037163328,-0.28314349074273,-0.0002276381777176,0.42322439512478,-0.108371555172964,0.0099963870549661,0.0457559552206995,0.6497747770155227
-1.0715361116810194,-0.484069547718939,0.84179710229043,1.62127791005808,0.0178553104627381,-0.260416480056277,-0.655043500940855,0.506746798438938,0.173986243045888,-0.0909154499965495,-0.296936871920857,-0.261109688932493,-1.02838631254695,-2.24485785345062,0.628031022391514,1.31748453429732,-0.0848884244100418,0.129085826755625,-0.636247490978769,-0.454006082674446,-0.0774254941137458,-0.201856414016252,-0.60023155627027,0.0844908051341489,0.320185805395839,-0.38318184548766,0.0878982013503035,0.26637675244742,0.116390806700256,-0.3283080600669165
1.20981390933656,-0.193638850970437,0.435600318054568,0.435167015479316,-0.234779001170941,0.737020104032983,-1.17717556622218,0.734638223043438,-0.169000349090557,-0.148240089823324,-0.452703049611004,-1.04754688426361,-0.313914339865464,-0.770473445060606,0.41237026917991,-0.0421190098779596,-0.359686155806198,-0.117124416836267,-0.623999843444646,0.429330842297326,-0.082855984216082,-0.126637340599991,-0.39310451249491,0.174317183583629,-0.0283402897779461,-1.06467235785406,0.143703217196391,0.151405608119161,0.219683645235938,-0.3515821836550334
0.5828990836009906,1.88042654617483,0.268848301575657,-0.238000722276394,3.57878626398785,0.317783969605971,1.04628990085114,-0.454730222444848,0.395230688309049,-0.490091404366851,1.51567622117433,-0.276638904039543,-0.185035830463048,-1.32659570225788,0.275563779676386,-1.59484602685227,1.35395768171808,-1.05263982822263,0.0509081662399309,-0.773642424617281,-0.338363603553365,-0.415603770200835,-1.26088564587084,0.486256486036867,0.135883540581662,-0.552641238651833,-0.530498773373158,-0.0155060594764637,-0.0400559833582807,-0.3596386110509201
-1.086508280607088,0.24468282320201,0.788305975089981,0.194046268632694,0.672979161043158,-0.656488762360631,-0.437876857265562,-0.499455719332538,-1.51310105325915,0.532142160900804,0.363574097550533,-0.206083059242807,-0.672480268865188,-2.07039385077294,0.633936162261638,1.48208955699211,-0.168771840580301,0.340170963604143,-0.616309416290974,-0.156340531780097,-0.634252754407887,1.42039154848747,-0.914345131128423,0.746450246937205,0.286963825212102,-1.33049071770664,-0.0132897941621159,-0.112603982616949,-0.11982007431191,-0.3189902728262194
1.0988808771248444,-1.16393839168173,-1.29686453387713,1.9966642831028,-2.9378398163422,0.0463660130128483,-0.535309574824934,-0.84809222333432,0.206314269046406,-2.2922483256082,0.557479398452238,0.360270926906157,-0.272423887449908,0.715705603784432,-0.599184137342183,-1.17087177283897,0.115960608667082,-0.152800883280355,0.416164663783272,-0.342330909762422,-0.0561081870925822,-0.286714741476049,-0.793333524621225,-0.0185388244159445,-0.464310156310844,0.322721285069326,-0.43979573152388,0.0113519824140134,0.0648751981911324,-0.2427797247833119
-0.4522863625827062,-0.772162744072388,0.778159198729335,1.13139242316466,0.959398915806516,0.122560280871456,-0.770026074766297,0.936842241620937,-0.286137541826278,-0.529874326917086,-0.0148181809940081,-0.474470546499442,-0.0694468703558613,0.191756625089554,0.229660385857417,1.04418973234782,-0.321311316830421,-0.228327478034341,0.0908205406139301,0.46209071951881,-0.0939514536255697,0.156950751948152,0.547353002010041,0.135023395375821,0.402295429142292,-0.19691911401145,-0.349939600889339,-0.0781856496010667,0.21679325886996,-0.1561527857639046
0.9707014224793032,-0.298156845532736,0.90500843121454,-0.355802388962737,-0.719416078186426,1.53871298536207,0.134634281249981,0.865880279253558,0.100193682470787,-0.285340130110585,-1.33376497380164,0.0842934738900127,0.0603216093977728,-0.203441312172395,-1.65203700487905,-1.46669073541438,0.566899203091786,0.554257209659631,1.15922688293145,0.381815998973105,-0.0038714250090743,0.0549297153921729,0.291263651254558,-0.405804428952486,-0.217820981072312,0.0333581910129678,0.585853041352363,0.0982404008646708,0.171967411233405,-0.3142703456649928
1.0437512874645805,2.02542479906354,-0.0378954216530377,-0.890334609829623,0.504409294067676,-0.302648730177828,-1.36275695589458,0.186226399581438,-0.342141236003207,0.493986962158985,0.0609890532122675,-0.301400544208677,0.657253066113873,0.105157865833847,0.282367447029328,0.0442574973141915,-0.289752068283117,-0.0883397901263229,-1.10775918546768,-0.0819879260860914,-0.237562198340467,-0.255198880139575,-0.589556610232197,0.397005776791172,0.403419779209534,-0.364382005586111,0.175122350746271,-0.0661553694891719,-0.0561458499543295,-0.3543897265354182
1.1743313430349769,2.11582390175629,0.06042428035183,-2.18085131106588,-0.12047860381167,0.604547814969529,-1.33900327499761,0.680691331252568,-0.434856661385926,0.0227196067613214,0.203456867720271,0.726468785141099,0.64261829130122,-0.506829986838469,1.06722919423034,-0.265372065587131,-0.339644340943638,-0.595943954942085,0.0947135354449825,0.517167333706848,-0.252308298832796,0.173241163886732,0.602894785022492,-0.0874258315183561,-0.286906287166657,0.439346473504283,0.242193608355997,-0.0922553853427821,-0.0933752320012458,-0.3533725008541194
1.5780113406618907,-0.285103476520496,1.05375499750942,-1.0642641306763,-0.79135669677706,1.1923161760958,0.0541000128984225,0.618086484242505,0.367536661274091,-0.559150386070324,-0.385683394235167,-0.167311168132861,1.02377046280913,1.35518880799662,0.634514961452737,-0.282616086392847,0.165036883777138,-1.03716581057722,0.947723110481802,0.727862597014382,0.0833894577015416,0.41869727348804,1.27220290842113,-0.166752212154732,-0.281459096291869,-0.589346450384361,-0.210052622100935,0.378966464581767,0.232850419501187,-0.2832246178717529
1.5132161735936582,1.95767646822435,-0.429233057450647,-1.6580192309344,0.0060206537717294,0.0463192929906311,-0.81721428203436,0.175061980003791,-0.114480899155578,0.761129476431496,0.0911773071214418,0.275407071637747,-0.113415982320927,-2.26207776668656,1.05876455365126,-0.284175271497844,-0.134257513783167,-0.413144066975265,0.107784696387973,0.64170919231562,-0.262225677690593,-0.105313776946398,-0.37141199301214,0.115544240220779,-0.511564384888647,-0.0540996345631856,-0.068545826549453,-0.0751541269674297,-0.07340165774085,-0.1389413272363286
1.1500094652436836,2.03098549504024,0.0431023806168312,-1.82666413107581,0.231640676463911,0.615323306536461,-0.302806253535174,0.0469654423122213,-0.0259720509649834,0.305917978817164,-0.210309799270872,0.848996705979996,0.568531749394726,-0.320114473989346,-0.589110124897955,-0.386237933986683,0.560515300972608,0.188525158106307,0.24264434378536,0.385549683114297,-0.149533805169593,-0.326891675434686,-0.897084086031518,0.29446810671842,0.117012653009335,-0.277014905121559,0.178655299681348,-0.067348824680273,-0.04382030458483,-0.3241170902599654
1.2448753175811509,2.05399466896559,0.0580120177769394,-1.81805018679228,0.23746298559988,0.563713712868257,-0.401824143029427,0.0337300172186728,-0.0355348491369321,0.347369956951132,-0.190539420812167,0.761761730124212,0.412028932816066,-0.580787212863876,-0.543923864100295,-0.406537693998469,0.62775366324848,0.150107547599729,0.359179173214024,0.45832096191885,-0.176079104515175,-0.339886173503433,-0.936412773591742,0.298808994513404,0.168982361181144,-0.269152352929646,0.174678586425752,-0.0707587568351305,-0.0450799062619885,-0.3556103973529768
-0.9463258213372724,0.708214451563157,-1.80697370625276,1.07251228036696,-0.0410703592269279,-1.70528717037812,0.720703659804739,-1.00765393941197,0.248659034807979,0.238602478907028,0.0937698926097222,-0.18475539352188,0.484250588695221,0.640880343472749,-1.1483731827128,-0.786751976790058,-0.201591591732155,1.52254447402512,-2.45664329171004,0.0205636881429064,0.546920919691788,0.433940428668989,1.06158387901705,-0.292246522519652,0.205358502475151,0.34850253352677,0.0191100651148399,0.0517554499132871,0.0649171550101415,0.7555662478705995
0.638112904872653,-1.21175383511431,1.95415143946771,-1.1734465343804,-1.12995119857257,0.455432162929027,-2.08380719841697,1.59524810096882,-0.296988643214335,0.317818318734049,0.739295988920129,-0.503777326718499,0.0933597921065318,-0.377885599657417,0.582586143630748,-0.14940049876235,-0.824630041990586,-0.216662919723803,-0.569377809813332,-0.413163258856005,0.350902559335931,0.133042871986317,0.931809025155846,-0.117816971517951,0.497103519318999,-0.15709439904204,0.0541207842143894,0.539547012095532,0.233874307830199,-0.296936820055661
-0.1564438854486157,0.122772539708329,0.911362893541265,-0.447601407303845,-0.538441990730303,0.855439125556256,-0.773499233757498,0.869761495179698,-0.010560330953126,0.144971359733584,-0.805913362399749,-0.88575814378031,-0.780197665978751,-1.25439914553339,-0.761012949731621,-0.0499762353087212,0.342078788560851,0.482806172668389,-0.137531017047331,-0.279978498395701,-0.0577084256178481,-0.349734643157018,-0.922044335128071,0.121957580934277,0.464550120992631,-0.472633203029325,0.12355628661058,0.215803621126115,0.0812821187504632,-0.3377886034166215
-0.4586669071461364,-0.196200773763272,1.34132805453241,-0.143877632613664,0.934123504506715,0.187600575489392,-0.73788465669382,0.538808285292083,0.326459424118364,-0.622368532327503,-0.0450648378898434,-0.545037242332597,-0.0563585869165152,-0.484606955339506,0.937475496073335,0.932965200317143,-0.704792772022522,0.329147706479724,-0.472470204294077,0.0232590976743041,-0.131739645135214,0.196836580503716,0.672717230450807,0.0994948142741342,0.0758071362921254,-0.778009493254511,-0.381644533276704,0.328413259593389,0.163813836773279,-0.3535759459903792
0.5518386768978243,0.45862983328813,-2.69396741616359,-1.3632199145252,1.5007997751707,-0.461676332246181,1.79386754156344,0.0390678019409153,0.425407699516881,0.778755027776318,-0.0340797357660806,0.642027154320775,0.364834198325465,-0.976689311583345,0.642628610802144,1.10630561003689,0.118350756918613,-0.35432027858372,-0.0051003963803523,-1.52099468042714,1.05715012345835,0.732405333903395,0.668144011772511,-0.480507187851338,-1.64324306611391,-0.55065076646567,-0.521398125519006,-0.0399496781285672,0.0641138378414908,2.557276374587065
-0.3627481596661889,1.35129352315835,-0.892435108428595,0.576698611403294,-0.778976864575915,-1.24713282791955,-0.26885826059751,-1.06070493054131,0.0392018039021214,-0.178939676238101,0.622290091682218,-1.25423402091783,-1.49239941467398,-0.630555678180031,-0.270755678812785,1.30060368459859,1.7797519086931,-0.184097921313539,-0.437885538085804,0.532425652472849,0.132638650585176,0.339314479070719,0.791665458637159,-0.230166923467943,-0.439782724646805,0.486163275302893,0.0020764908657494,0.0213884997626261,0.0222840909703648,-0.1399178638903755
1.1154955624731822,-0.145599888858846,0.367255692997753,0.504969608681559,0.0425731440902143,0.444927399562987,-0.867613587892007,0.161259402646726,-0.0286406547488407,0.53470608273899,-1.12638053837694,-0.685963655217352,0.152580147161046,0.534999631031261,-1.46442990488777,0.506132010944236,0.20921054035479,0.452490264841365,0.933032260785019,-0.282546885119862,0.0357739035420098,0.431052810665545,1.40218500692099,0.0222578913869779,-0.0666922585965155,-1.12716861561202,-0.266547787646666,0.328417669631373,0.315383163987052,-0.2881479901692392
1.5282515162282757,-2.21509877419362,2.67086540593725,-2.08049787311453,-1.92849878862109,1.20549557346667,-0.802625378041044,1.53954706809068,-0.12712377928368,1.37534510267647,2.77496722962962,0.360594021640758,-0.0459623927198511,-0.928368437497425,0.144391504003057,-0.533403390340881,-0.530437316810115,-1.05001519953747,0.263743083735736,0.177085467278654,1.07266744986133,-0.175439250336906,0.757843664008945,-0.267179730200234,0.0893139534650053,0.0664444014274811,-0.0506007656927277,-0.137863500349607,-0.783306921296566,-0.3521111410093089
1.3262641120948715,-1.2074073866793,-0.693632629991395,1.21953508532021,-1.92585716825867,1.3050415283645,-0.87537314165601,0.342976430480777,-0.170424620383533,-1.70606109434515,0.246901365806081,0.615140335756935,-0.134258103399695,-0.177955097810702,0.175511548311642,-0.645184135638645,-1.1368849200887,-0.77757928605749,1.75489480925424,-1.26297698678264,-0.13944922453755,-0.0560940438463554,0.0373952142745269,-0.302662454293229,0.779572627772124,0.800720336393893,0.750291881855443,-0.267820190775824,-0.175181399637481,-0.2294337238446714
-0.3265285667648695,0.820028105712822,0.081972823881735,0.964559032848575,2.53139198087953,-0.498567324323929,-0.126398581103631,0.0987990417940913,0.0069214841916695,-1.022547409781,0.725999110367886,1.54116659982942,1.20980131206092,0.922925907913929,0.23485923321433,-0.109239868258488,1.03110296115897,-0.940305415129871,0.0169835798971382,-0.84329532307387,0.226293970751944,-0.0437388362400026,-0.537178983384687,0.0238822001546284,0.510210046614459,0.0967745880063157,-0.307406062280518,-0.0200508501250745,0.0536243197613852,0.2710006223270949
1.218742460144792,0.451960376938171,-2.60233392287515,-1.62749051402808,1.84091391724248,-0.59271471496277,0.446497209378057,0.887878999677054,-0.256072536218056,0.743760459708044,-0.315821452271245,-1.73809709117926,0.817870591998517,1.31585737603383,-0.130701845568018,-0.159225903495981,0.301147139520387,-0.74881273888166,-0.275146787271576,-0.0702403030064308,1.46857393191255,0.0558730658313579,-1.43236696823262,-0.421973231105768,-1.08110224514776,-0.50346315643168,-1.09031520037356,-0.094577745012577,0.104142570691222,2.9626611530982703
-1.6924915509101506,1.14819532746711,-0.055478756207729,0.963189413372739,0.204069935383406,-0.64766925752121,-0.152510560890181,-0.581955662492979,0.0426392161374777,1.38908081642311,-0.408776008101195,2.82365753641625,-1.27836144983082,2.11374538914287,1.61973692272281,0.0648817207967588,0.309339928683977,0.369940264443126,0.0775627324699204,-0.552113700883554,-0.0808523868016549,0.0310452043210686,0.372703463866151,0.021964020796646,0.25372685701169,0.0926395360303231,1.02944494510244,-0.0732281318660513,-0.0048973608772311,-0.2988085153092508
-1.0186807755285128,1.15075318058373,0.254705229203707,-0.152045013258481,0.793169388898459,0.617004088753724,0.480885927031806,0.22142658656791,0.0933447327332053,-0.464480914959187,0.12559680546483,0.708336469577054,0.971023829573464,0.628554946594038,0.532089811900765,0.456899610946394,0.397402121359694,-0.852032738130758,-0.3272039135322,0.19592904541445,-0.0115592394711417,-0.437047611610116,-1.38258102208008,0.0583965303022784,-1.22001259526918,0.302405822065247,-0.759957409602845,0.0171122308510602,0.0123169535848996,-0.1724690856919377
-1.783419575414742,-0.37999181557633,1.09946292731216,1.99456825139175,0.156889481022188,0.253363117495143,-0.519454068736954,0.794032185391168,-0.295097860852166,0.885679168036958,-0.538176708727939,1.29336551069391,-2.01303813667088,2.39544832746343,1.25131709696229,0.277891498147836,-0.340646917676525,0.585416259222397,-0.763996260753535,-0.67221763410479,0.133407521054128,-0.372114033726776,-0.512246138800558,0.0080505112216514,0.342931557507234,-0.332502309356846,0.0109025528260707,0.0977211088229717,-0.106844540042452,-0.3515821836550334
0.5560291995648956,-2.8039412481384,-2.81617657928093,0.294813748037802,1.00139299048928,2.05171968797532,-1.8564078359192,0.676814653451744,-0.0409790738174358,0.0289388033984646,-0.859516443051116,-1.67045283744041,-0.301683687949873,-1.00844201054748,0.32827397271717,-1.3119169190445,-0.36243759085425,-0.396417779905899,0.126871007729163,-0.947214180063793,1.16089007313483,0.684687314119129,0.716258992550881,0.953604257729009,-0.0066290144410421,0.550465596088655,-0.526802135662028,-0.072139955787536,0.234058503751573,1.1791390215634272
0.9113602522491182,-1.43149320111058,0.170872487880917,0.964288041673936,-0.38011774187478,-1.01176921739813,0.457347939994582,1.26094979073467,0.409257371718583,-0.204724868886616,-1.49119495669397,-1.70521097367621,-0.429204571778964,-0.0967985807439204,0.35638248255165,1.08243587725375,0.522079168632908,-0.579010492626932,0.585489189659717,0.53107870956101,0.59386879140184,0.0451389001850946,-0.585459632659235,0.471360887908019,-0.802956377835894,0.530108549092097,-0.371657277427551,-0.168478140795081,0.0284814336971928,0.9953059964391048
-0.7236595566055567,1.23756803374969,0.324780407792741,0.668938762590274,0.689120940732081,-0.558468453388105,-1.15835477319083,0.131280294414828,-0.278625968736276,-0.115987074882303,-0.093161962122815,0.232698297023417,0.964016818875548,1.17317768260878,0.0767992354757117,0.90753518278641,0.164528362174745,-0.356445362518617,-0.76127492886651,-0.248389703481244,-0.044833842781728,-0.225307220243145,-0.609340018911009,0.165739743864228,0.731486710205109,0.204725648609384,0.0712374971758056,-0.0226799384305408,0.0243330078074492,-0.3515821836550334
-1.0326632230206498,1.32904920199285,0.0737065449362506,-0.146586503673677,-0.0209490843989123,-0.23619310688557,-1.07575701388547,0.209379573063103,-0.201209952765664,0.1957829721784,-0.0916374279124808,-0.852751454067445,-0.700245947343879,-1.40529110844816,0.697613252240735,1.05357885094784,0.333274669177867,-0.295906060071232,-0.661647339038037,0.476733798821287,-0.150347997047665,-0.492408014348501,-1.54861806494865,0.162770727481836,-0.148259256232863,0.114250798974379,0.658341872445479,-0.112033202179464,-0.0041759536806654,-0.3189902728262194
-0.729976927460438,1.22336997978218,0.265749249204828,0.314291648669872,1.16525046840716,-0.243228386895652,-0.661606422374088,0.0923269440560623,-0.135114961237366,0.0857055531398503,0.0601098998505629,-0.782854881190054,-0.171518697882328,-0.36543946814391,0.403367607654205,1.06268860833505,0.344770563567647,-0.593653488031744,0.0042160652439068,-0.292924484764087,-0.127300840033743,-0.0744572317466908,-0.249734542905763,-0.0692339948254767,0.0056822665984319,0.561697212620013,-0.400974782504725,0.0143831442589284,0.0239029345837209,-0.2782605565470147
-1.142922402341178,-0.698620049935133,0.53018254162972,0.916126441440254,-0.80494859355797,-0.854583630008948,-0.386719890797458,-0.332723056036606,0.54649402493276,-1.8149714416928,0.68087770225709,1.6851977608843,-0.249977844205538,-0.693721213521098,0.606219513523777,0.602999282326553,0.612979290959418,0.979780694996882,-1.5457929479504,1.70045008825224,0.188661127535864,-0.11815627099669,-0.603434555099177,0.224628805435743,0.165482305115243,-0.394524503935961,-0.517585891096321,0.0409891306336086,0.0076714193775735,-0.2544574756046224
-0.8646001003779582,1.30392487284001,0.0895978509992797,0.368937931863264,-0.0760454132369297,-0.564250562167418,-1.13872110760859,0.0140995750450491,-0.267872666218317,0.165183655637852,-0.206288853946533,-0.12524573642534,0.513408445108469,0.675792852483536,0.12085415187214,1.07347484756358,0.230393794539029,-0.338439650798336,-0.566977725272294,0.0698855090922253,-0.0366737370355032,-0.105082369658593,-0.252060822991895,0.040542297462329,0.46837580007759,0.26160426794999,0.958746563647078,-0.0796953037532753,0.0045133968392065,-0.3578076048245822
-1.048203955323658,-0.539064694695418,0.493060131452125,0.559546679551859,-2.08582877293538,-0.20263825025507,1.31008688148394,-1.51818627165025,-2.96664315136506,-0.989113570433922,0.426055367815173,0.40029036351769,0.275043928581089,1.00924678285526,-0.204257210284308,-0.112399028202204,1.80007305958072,-0.386018539964078,-0.680693896543324,-0.0752905501284515,-0.544811799556245,3.39013212226136,-0.139588697360098,-0.187685590697785,-1.32516529204312,1.35407133543695,0.0423637974347646,0.247498713894823,0.17874849468545,-0.2986050701729911
-1.064165845683658,-3.22474599777428,-2.99819095091927,1.05741016255227,-0.383790915349394,2.37125148487205,-2.55524793752045,-0.466743098527946,-0.174468445011901,-1.66372175591521,0.310367647006946,-0.105222840502864,0.325527130705029,0.972437954739196,0.123688603241111,0.202552105756765,-1.81530813314824,0.0818132996885675,0.280713529927813,-1.86110350380464,-0.198482614027865,-0.177121468914225,-0.357907114769783,0.773015876498425,0.410288084736858,0.454601104399745,0.394950447802294,-0.248316540578068,0.547385192761918,0.0809828650604757
-1.7217409779682509,-1.57845780388109,-1.12014275734152,1.74233800586996,-0.46178211101332,1.22153927486314,-1.05477315803549,-0.0269785255434179,-0.239132941636296,1.21372619309846,-0.552777048317544,2.18961503805059,-1.44548383259403,2.75025494733755,1.04978721553155,-0.736398400375416,0.90451939250942,-0.518876379377336,0.407307879943809,-0.296256870433676,-0.136377142322483,-0.344877865045343,-0.384300503512863,1.11555678906338,-0.0423816464100488,-0.127310208100774,0.591133052406544,-0.26684102012058,-0.314747701237545,-0.3104862661305613
1.635204604801416,1.51024413198528,-0.406969559759729,-0.225328468259652,3.70660492195777,-0.03094282797469,1.28737152628089,-0.473425418318852,0.34999772386932,-0.473491861233171,1.45810591385753,-0.166676237409945,0.150957218932383,-0.180464251314741,-0.0122528792021073,-1.15110594645405,1.58747478235993,-1.32963506729957,0.788721293759081,-1.32817868372414,0.125669714751335,0.296366173553515,0.468725372785998,-0.0014325617095652,0.256293122975163,-0.265943701017495,-0.0158190403454533,-0.0293503427977503,-0.0074024783278983,0.4066985282123571
-1.358386864298329,1.23625503890139,0.306594982593354,0.192597260290926,0.498897357791512,-0.138881131902507,-0.556387873106193,-0.0115127528043025,-0.0453298413125806,-0.230255066497577,-0.118374520455789,1.36767400227531,0.905002958583558,0.367468753425837,-0.144137563892633,0.399016505635202,0.762812491324212,-0.385011435660385,0.282648878796847,0.21365814330035,-0.0478328223493074,-0.255434636939168,-0.764203005932014,0.0741279361945305,-0.0323015177540878,0.235439212174154,0.0967270045576279,-0.0262552858208205,0.0177115960129068,-0.3515821836550334
-0.921119511626296,-0.528744213359887,1.14065581355214,2.74969601290703,2.24808201972968,-0.520846803112228,0.349253122676399,0.0511424126334888,0.111875517166589,-0.899910797390738,0.416557786631904,-0.536317467266735,0.206037191192685,1.54000433065594,-0.559170273726606,1.0940409644535,0.865189471480998,-0.763071094129791,0.56313729720629,-0.603913820110268,0.0893741332040292,0.373029368586575,1.10006460559646,-0.139220370608604,0.438693649358975,-0.469597655406415,0.121542431147829,0.0646714641527302,0.158500011777217,-0.2514464875879779
-0.8947129014528923,-0.831229927180829,1.50744578785682,1.09507728255794,0.0116419398438979,-0.129012673624093,-0.667252440288344,0.139833063288952,-1.61394023568634,-0.197839855374293,-0.358411075604661,-0.298336574326585,-0.175146268549923,-0.340670252861591,-0.293284289984663,0.904736815262956,0.413323517257926,0.159385230690617,-0.060583400495373,-0.120183247909403,-0.243447978270159,1.25768692668099,-1.2441577990172,0.215644491553147,0.294073398133136,-0.136847438381528,0.0858254036617495,0.313653620848031,0.112589340317115,-0.3450719392947211
