Feature 1,Feature 2,Interaction
V3,V12,0.01918351972478966
V3,V14,0.017512884556570917
V12,V14,0.0171482357314939
V10,V14,0.015292853154011861
V11,V14,0.013532427228045034
V12,V17,0.0127161550837473
V4,V14,0.012486691351004171
V10,V12,0.012024675964924245
V4,V12,0.011360295104964746
V11,V12,0.010848266826055074
V12,V16,0.010368461287673603
V3,V10,0.0101078517454951
V3,V4,0.009384044612965974
V3,V11,0.00921488320976604
V4,V11,0.007253138156438207
V4,V10,0.006932540159035442
V3,V17,0.006090163820866642
V10,V11,0.006065769530343212
V16,V17,0.005420087528080705
V2,V14,0.003211760173732745
V14,V17,0.003107313831235043
V14,V21,0.002861947015780062
V3,V16,0.0028183004885215085
V7,V12,0.0027557033819345118
V4,V5,0.0027297196306211944
V4,V17,0.00257088630024003
V4,V8,0.0024798676787835417
V1,V12,0.002415288912223122
V14,V16,0.002311397435170972
V14,V18,0.002164850900130994
V17,V18,0.0020080491058541384
V2,V4,0.0020003087317165976
V11,V16,0.0019204529350758267
V4,V16,0.0018326304680896096
V2,V3,0.0017926780795152653
V9,V12,0.001720450490978317
V1,V4,0.0017132549684124774
V2,V12,0.0016837117413760927
V7,V11,0.0016006525718016437
V2,V11,0.0015691509520861632
V10,V17,0.0015576000161841397
V7,V14,0.0015508548724295413
V8,V14,0.001548827879491054
V9,V14,0.0015229486375684166
V8,V17,0.0015175619380841856
V3,V9,0.00149467407960419
V4,V18,0.0014489887874704055
V3,V7,0.0014340249873717775
V4,Amount,0.0014326934775945532
V10,V16,0.0014286347701453412
V4,V20,0.0014029908596105067
V14,V27,0.0014029638488014596
V4,V7,0.0013886950139531922
V9,V10,0.001388515382178808
V9,V11,0.001387093832691174
V11,V17,0.0013869310021969062
V1,V14,0.0012983333743916837
V4,V19,0.0012727705054455995
V12,V21,0.0012649046723079455
V5,V17,0.0012530357695100397
V4,V9,0.001243384214236673
V12,V18,0.0012121885579523249
V4,V13,0.0011915721597988327
Time,V14,0.0011651708216669334
V13,V14,0.0010810868670876556
V14,V24,0.001044890738438936
V14,V26,0.00102527797730921
V8,V18,0.0009953310491867997
V5,V14,0.0009892042931396636
V8,V12,0.000978273310346671
V4,V22,0.0009579462618391417
V4,V24,0.0009507100745099451
V4,V26,0.0009492814257735422
V4,V15,0.0009309964817000992
V8,V10,0.0009175708163648615
V2,V16,0.0009113849318497495
V7,V18,0.0008798487094295798
V5,V12,0.0008792130412761017
V6,V14,0.0008590981605929612
Time,V4,0.0008215865182112738
V2,V19,0.0008192459787283291
V7,V16,0.0008179439857304726
V14,V22,0.0008134013527475661
V14,V15,0.0007990534639382335
V4,V27,0.0007908868886775755
V14,Amount,0.0007879153263777747
V12,V19,0.0007762623122233565
V14,V28,0.0007697986917120141
Time,V3,0.0007653481818716521
V10,V21,0.0007614082754162977
V7,V17,0.000757658922864765
V5,V8,0.0007359353622198022
V4,V25,0.0007328455904671842
V4,V23,0.0007171145454554602
V4,V6,0.000717060096833951
V1,V11,0.0007156486851672219
V14,V19,0.0007095401544077833
V16,V18,0.0006996965621281943
V16,V21,0.0006874285500181308
V3,V8,0.0006818330012506377
V1,V10,0.0006812359252924149
V3,V18,0.000679317383054824
V5,V19,0.0006789748503550995
V3,V24,0.0006704428493644113
V10,V18,0.0006612649127727241
V1,V2,0.0006589879940457206
V4,V21,0.0006574017667019272
V2,V8,0.0006290375538908967
V7,V10,0.0006120587413518141
V14,V23,0.0006093103832974518
V2,V17,0.000595792099240448
V10,V27,0.0005895372921496974
V4,V28,0.0005879653427213804
V14,V25,0.0005839175121138136
V10,V24,0.0005785943634718892
V8,V13,0.000575443129278597
V8,V11,0.0005738441513789325
Time,V12,0.0005728612469462875
V2,V7,0.0005627675616500728
V1,V17,0.0005565597516951449
V5,V18,0.0005551069084095518
V16,V19,0.0005483798237969168
V12,Amount,0.0005416863839184974
V12,V20,0.0005369900376228378
V2,V10,0.0005231058041417766
V17,V26,0.0005043927269849018
V14,V20,0.0005030131932305001
V12,V25,0.0004910710821812665
V6,V12,0.00048375207460007606
V1,V15,0.00047197078346607256
V5,V11,0.0004697494132906447
V12,V24,0.00046768379312012317
V13,V17,0.00046753789506506495
V1,V3,0.00046655437977965753
V10,V22,0.0004657405070705797
V5,V16,0.00046572680478010114
Time,V10,0.00045759946010710497
V1,V8,0.0004574596149393084
V18,V26,0.00045348965822474815
V6,V17,0.0004511925386499898
V8,Amount,0.0004504912950731258
V10,V19,0.00044313314076177275
V17,V27,0.0004358360790172106
V1,V13,0.00043507896677964905
V11,Amount,0.00043445116778380435
V3,V5,0.0004328313460649533
V3,V15,0.00043257282830177406
V5,V10,0.0004264024320622781
V8,V25,0.0004218518742074307
V1,V19,0.00042171252751542834
V7,V15,0.00042109607038586135
V13,V21,0.0004123514333686274
V1,V16,0.00040913720409815863
V7,V23,0.00040844547838032576
V17,Amount,0.00040822287350568523
V3,V20,0.0004063087454565692
V2,V9,0.0004058915046601638
V17,V28,0.0004053282478775929
V11,V18,0.00040405614668794355
V8,V20,0.0003976817342684951
V3,V27,0.00039356137471413056
V7,V13,0.0003930226185533229
V8,V22,0.00038913575402581486
V12,V22,0.000387757010279211
V12,V27,0.0003876852795443848
V8,V26,0.00038628404173858387
V12,V28,0.00038487596350193385
V3,V19,0.0003841299047421546
V7,V19,0.00038303057768438733
V12,V13,0.00038288080774843183
V17,V20,0.00038245909696265934
V17,V19,0.00038001969889049777
V6,V10,0.0003773954387008542
V17,V21,0.00037607870192509716
V18,V28,0.00037520987759002706
V3,V26,0.0003729490369807505
V16,Amount,0.00037230036603631015
Time,V18,0.0003701920134244622
V13,V15,0.00036713797869443953
Time,V17,0.00036610164834551033
V10,V26,0.00036418156565944175
V1,V5,0.0003641575976320308
V12,V15,0.0003625172901481729
V5,V13,0.00036123465766886657
V12,V23,0.00035984934779710777
V13,V18,0.0003579662182173521
V9,V17,0.0003562127448541484
V2,V18,0.00035539873525951
V11,V22,0.00035525050634947314
V3,V13,0.0003538412051364473
V1,V7,0.0003532183353126003
V18,V27,0.00035320424005323437
V10,V20,0.0003526058685760973
V12,V26,0.000352551360597415
V15,V18,0.0003516727649900996
V8,V23,0.00035066464053992664
V5,V7,0.0003504663792513227
V10,V28,0.00035021499525641505
V7,V8,0.0003498517487083007
V2,V5,0.00034912134552396305
V3,V28,0.00034870424145668286
V11,V24,0.00034816006219842585
V7,V9,0.00034687553713098917
V11,V27,0.00034665191324584013
V5,Amount,0.0003464186272187379
V5,V20,0.0003436403194036548
V1,Amount,0.000341245334013874
V8,V19,0.00033703923508117113
V7,V26,0.0003305181403662014
V19,Amount,0.0003287942243521954
V10,V15,0.0003243134257462691
V5,V26,0.00032217089888386815
V8,V27,0.00032136243706450194
V7,V27,0.00032023795654504474
Time,V11,0.0003131122566933637
V8,V9,0.00031194742516199434
V11,V13,0.0003114208881610933
V8,V28,0.00031042850829116975
V9,V18,0.00030937405198983606
V3,V21,0.0003065076733511775
V2,V20,0.00030631357951613913
V11,V21,0.00030461024054927627
V8,V21,0.00030419582032263626
V15,Amount,0.00030193263273644596
V8,V16,0.00030040837884663993
V15,V17,0.00030026535269871824
V3,Amount,0.0002994946228530556
V26,V27,0.00029903750324885957
V1,V18,0.00029788844016142673
V18,Amount,0.0002935772605700544
V17,V22,0.00029356356704087394
V11,V15,0.0002911394670685287
V2,Amount,0.00028931796356651925
V11,V26,0.00028902279705186553
V7,Amount,0.0002881018577065782
V13,V20,0.0002876142192254126
V18,V19,0.00028512279111028444
V16,V24,0.00028490005705245265
V9,V13,0.0002829455494853951
V1,V9,0.00028214085330336195
V11,V19,0.000281769682778725
V18,V25,0.0002793983627883374
V19,V27,0.00027922662279974595
V19,V24,0.00027764733690415
V3,V22,0.0002770415024628518
V6,V19,0.0002726249099052876
Time,V8,0.0002725400471517132
V11,V28,0.00027078574164180044
V19,V21,0.0002662336574979095
V17,V25,0.0002649159494950699
V23,Amount,0.00025947055222278625
V15,V19,0.00025927461009689985
V5,V21,0.00025899532524889036
V7,V25,0.00025850234764656006
V17,V24,0.000257958069302561
V5,V25,0.0002558594798629276
V1,V28,0.00025365765717224784
V10,Amount,0.0002487581685549894
V7,V21,0.00024621894163804925
V3,V6,0.000245032434878787
V11,V25,0.0002448344838155576
V10,V13,0.00024236274316339495
V5,V24,0.0002407596002931967
V26,Amount,0.00024050259970061664
V8,V24,0.00024030669193709738
V10,V23,0.00023688743186844774
V8,V15,0.00023644764747784836
V18,V24,0.00023619927456728108
V2,V13,0.00023385120562023507
V16,V22,0.0002316535264285951
V5,V15,0.00023045902884214254
V5,V27,0.00022893257466083172
V16,V28,0.00022821270475214495
V10,V25,0.0002271444470066796
V6,V16,0.0002247479678789293
V9,V27,0.0002243705759138831
V5,V9,0.00022064453667512186
V5,V6,0.0002163153544097474
V2,V21,0.00021590794612437282
V1,V25,0.00021590720869657553
V13,V19,0.0002156957586971556
V17,V23,0.00021568181188837926
V9,V16,0.00021299305522789504
V19,V28,0.0002124495103292893
V13,Amount,0.0002117803489204054
V5,V23,0.00021155410785512002
V7,V22,0.00021053842274602004
V13,V16,0.00020903466743170903
V19,V22,0.00020865524057571937
V15,V16,0.00020713787984322506
V6,V8,0.0002066310358517798
V19,V23,0.0002036028428511666
V16,V26,0.00020205988603154003
V22,V27,0.00020142366434081055
Time,V5,0.0002013227538622649
Time,V13,0.00020085620728760127
V19,V20,0.0001996841485851874
V19,V26,0.0001993697238141937
Time,V2,0.00019846365150753405
V18,V22,0.0001982032443314853
V25,Amount,0.0001979806283537577
V1,V21,0.00019720336593494995
V1,V20,0.00019671704522325437
V16,V27,0.00019441065083965775
V5,V22,0.0001943694812902774
V18,V23,0.00019373215813114322
V13,V24,0.0001933319367523003
V3,V25,0.0001920100291021809
V1,V26,0.00018984994536073193
V7,V24,0.00018750173480526006
V21,V22,0.00018744786428606284
V2,V26,0.00018707064472756155
V2,V27,0.0001853550276802526
V11,V20,0.00018429168333068335
V9,V21,0.00018215338879615863
V6,V18,0.0001803507329617238
V13,V23,0.00017916504870358273
V21,V26,0.00017905696883383185
V5,V28,0.00017903259927662784
V18,V21,0.00017812307690224055
V16,V23,0.0001770032231773413
V20,V22,0.00017478354499489115
V2,V24,0.00017375065450580925
Time,V1,0.0001735735438009391
Time,V7,0.00017273405855801116
V9,Amount,0.0001725622225911466
V22,Amount,0.00017025784926410923
V2,V23,0.00016979378894307608
V1,V23,0.00016924918832100032
V18,V20,0.00016882593472775044
V16,V20,0.00016852951974074805
Time,V15,0.00016833779489974687
V15,V26,0.00016815970165112316
Time,V19,0.00016809566611824528
V9,V26,0.00016632547410864
Time,V9,0.00016584325779891253
V2,V28,0.00016491318146247616
V7,V28,0.00016376993789607693
V3,V23,0.00016262011590709917
V11,V23,0.0001621674050861682
V6,V11,0.00016101768739239217
V21,Amount,0.0001608904631649105
V2,V25,0.00016052350630513528
V9,V19,0.00015837789372324368
V15,V23,0.00015810633914880405
V1,V22,0.00015784863076887372
V24,V27,0.00015773410289766186
V13,V26,0.0001566836221624672
V15,V22,0.0001560185595439654
V21,V28,0.00015497573544990555
V24,V26,0.0001547029033107914
V6,Amount,0.00015370740384349822
V2,V15,0.00015366268651232276
V13,V22,0.00015197294424426508
Time,V21,0.00015154753393356506
Time,V20,0.0001514558575365825
Time,V16,0.00015078374351066762
V25,V27,0.0001498685534143186
Time,Amount,0.00014938093204799172
V23,V26,0.00014909002474631865
V13,V28,0.0001490562586292856
V15,V25,0.00014884081178754164
V25,V26,0.00014848583094769126
V13,V25,0.0001484544095526222
V15,V27,0.0001484192771750682
Time,V28,0.0001478178833662804
V27,V28,0.000147009635874799
Time,V22,0.0001457051429323283
V1,V27,0.00014476387585969248
V24,Amount,0.00014468952913350086
V15,V20,0.0001431230024489085
V28,Amount,0.00014205024246997033
V20,Amount,0.00014192669531865523
V9,V22,0.00014165401658664862
V2,V22,0.00014144370637433326
V9,V20,0.000140900007762412
Time,V26,0.00014074526577505714
Time,V27,0.0001398028577756384
V22,V26,0.00013969389518799736
V15,V21,0.00013924942994006023
V22,V23,0.00013747943415435388
V13,V27,0.0001369328747999463
V20,V21,0.0001354112122800223
V26,V28,0.00013378669044094579
V16,V25,0.00013331761104473064
V22,V24,0.00013244498242059226
V9,V24,0.00013129636775581938
V6,V7,0.00013114940296140125
V15,V24,0.00012977995709878858
Time,V24,0.00012971050726408577
V7,V20,0.00012718092547137717
V21,V27,0.00012519117642535683
V1,V24,0.00012507467647493846
V23,V25,0.000125050763245515
V20,V28,0.00012501516541156148
V2,V6,0.00012450420146179443
V6,V27,0.00012386867015242188
V15,V28,0.00012273742636241525
Time,V23,0.00012165857188820332
V20,V26,0.00011977684353432518
V19,V25,0.00011919433308311008
V21,V23,0.00011827119770692212
V20,V24,0.0001142142439933535
V21,V24,0.00011239269631762618
V9,V23,0.00011189922291607028
V22,V25,0.00011147325601125624
V24,V25,0.00011051169947522239
V6,V23,0.0001091586926993159
V1,V6,0.00010898499456729975
V21,V25,0.00010892191383250074
V27,Amount,0.00010626021988629868
V22,V28,0.00010527648575099123
Time,V25,0.0001031990287819281
V23,V27,0.00010279605515768384
V20,V27,0.0001025341415254481
V6,V22,0.0001019044972479615
V24,V28,0.00010131527444759195
V6,V9,9.958288315331377e-05
V6,V24,9.790307428123145e-05
V9,V15,9.777084740947691e-05
V20,V25,9.675259348190781e-05
V23,V28,9.450028397130341e-05
V20,V23,9.34218002060472e-05
V25,V28,9.233313701926814e-05
V9,V28,9.151876640139698e-05
V6,V21,9.141560658677697e-05
V9,V25,9.05402525953918e-05
V23,V24,8.958115167004955e-05
V6,V28,8.911527243144257e-05
V6,V15,8.889234698324567e-05
V6,V26,8.69111974935977e-05
V6,V13,8.627884829175335e-05
V6,V20,8.243053165627916e-05
Time,V6,7.442284914857243e-05
V6,V25,7.291275537192916e-05
